idSupplier,movieId
1,1
2,2
3,3
4,4
5,5
8,6
8,7
4,8
5,9
10,10
6,11
6,12
6,13
1,14
8,15
10,16
8,17
8,18
10,19
9,20
9,21
9,22
97,23
7,24
7,25
6,26
5,27
4,28
1,29
1,30
1,31
1,32
1,34
1,36
1,38
1,39
1,40
1,41
1,42
1,43
1,44
1,45
1,46
1,47
1,48
1,49
5,50
4,52
5,53
6,54
2,55
3,57
9,58
8,60
10,61
10,62
8,63
10,64
10,65
8,66
9,68
7,69
1,70
1,71
1,72
1,73
1,74
8,75
5,76
4,77
2,78
9,79
10,80
4,81
5,82
9,83
9,85
9,86
10,87
3,88
6,89
7,92
7,93
7,94
8,95
9,96
10,97
1,99
1,100
1,101
1,102
1,103
1,104
1,105
1,106
1,107
1,108
1,110
1,111
1,112
1,113
1,116
1,117
1,118
1,119
1,121
1,122
1,123
1,125
1,126
1,128
1,129
1,132
1,135
1,137
1,140
1,141
1,144
1,145
1,146
1,147
1,148
1,149
1,150
1,151
1,152
1,153
1,154
1,155
1,156
1,157
1,158
1,159
1,160
1,161
1,162
1,163
1,164
1,165
7,166
7,168
7,169
7,170
7,171
8,172
8,173
8,174
9,175
9,176
9,177
9,178
1,179
1,180
10,181
10,183
10,184
1,185
1,186
1,187
1,188
1,189
1,190
1,191
1,193
1,194
1,195
1,196
1,198
1,199
1,201
1,202
1,203
1,204
1,205
1,206
1,207
1,208
1,209
1,210
1,211
1,212
1,213
1,214
1,215
1,216
1,217
1,218
1,219
1,220
1,222
1,223
1,224
1,225
1,227
1,228
1,229
1,230
1,231
1,232
1,233
1,234
1,235
1,236
1,237
1,238
1,239
1,240
1,241
1,242
1,243
1,246
1,247
1,248
1,249
1,250
1,251
1,252
1,253
1,254
1,255
1,256
1,257
1,258
1,259
1,260
1,261
1,262
1,263
1,265
1,266
1,267
1,269
1,270
1,271
1,272
1,273
1,274
1,275
1,276
1,277
1,278
1,279
1,280
1,281
1,282
1,283
1,284
1,285
1,287
1,288
1,289
1,290
1,291
1,292
1,293
1,294
1,295
1,296
1,298
1,299
1,300
1,301
1,302
1,303
1,304
1,305
1,306
1,307
1,308
1,310
1,311
1,312
1,313
1,314
1,315
1,316
1,317
1,318
1,319
1,320
1,321
1,322
1,324
1,325
1,326
1,327
1,328
1,329
1,330
1,331
1,332
1,333
1,334
1,335
1,336
1,337
1,338
1,339
1,340
1,341
1,342
1,343
1,344
1,345
1,346
1,347
1,348
1,349
1,350
1,351
1,352
1,353
1,354
1,355
1,356
1,357
1,358
1,359
1,360
1,361
1,362
1,363
1,364
1,365
1,366
1,367
1,368
1,369
1,370
1,371
1,372
1,373
1,374
1,376
1,377
1,378
1,379
1,380
1,381
1,382
1,383
1,384
1,385
1,386
1,387
1,388
1,389
1,390
1,391
1,393
1,405
1,406
1,407
1,408
1,409
1,410
1,412
1,413
1,414
1,415
1,416
1,417
1,418
1,419
1,420
1,421
1,422
1,423
1,424
1,425
1,426
1,427
1,428
1,429
1,430
1,431
1,432
1,433
1,434
1,435
1,436
1,437
1,438
1,440
1,441
1,442
1,444
1,445
1,446
1,448
1,449
1,450
1,451
1,452
1,453
1,454
1,455
1,456
1,457
1,458
1,459
1,460
1,461
1,464
1,466
1,467
1,468
1,469
1,470
1,471
1,472
1,473
1,474
1,475
1,476
1,477
1,478
1,479
1,480
1,481
1,482
1,484
1,485
1,486
1,487
1,488
1,489
1,490
1,491
1,492
1,493
1,494
1,495
1,496
1,497
1,499
1,500
1,501
1,502
1,504
1,505
1,506
1,507
1,508
1,509
1,510
1,511
1,512
1,513
1,514
1,515
1,516
1,517
1,518
1,519
1,520
1,521
1,522
1,523
1,524
1,526
1,527
1,528
1,529
1,531
1,532
1,533
1,534
1,535
1,536
1,537
1,538
1,539
1,540
1,541
1,542
1,543
1,544
1,546
1,547
1,548
1,549
1,550
1,551
1,552
1,553
1,555
1,556
1,558
1,562
1,563
1,564
1,567
1,568
1,569
1,573
1,574
1,575
1,577
1,579
1,580
1,581
1,583
1,585
1,586
1,587
1,588
1,589
1,590
1,592
1,593
1,594
1,595
1,596
1,597
1,599
1,600
1,602
1,605
1,606
1,608
1,609
1,610
1,611
1,612
1,613
1,615
1,616
1,617
1,618
1,619
1,626
1,627
1,628
1,631
1,632
1,633
1,634
1,635
1,636
1,637
1,638
1,639
1,640
1,645
1,647
1,648
1,649
1,650
1,653
1,656
1,661
1,662
1,663
1,665
1,667
1,668
1,670
1,671
1,673
1,674
1,678
1,679
1,680
1,685
1,688
1,691
1,692
1,694
1,695
1,697
1,698
1,700
1,703
1,704
1,706
1,707
1,708
1,709
1,710
1,711
1,714
1,715
1,718
1,719
1,720
1,722
1,724
1,725
1,726
1,728
1,731
1,733
1,735
1,736
1,737
1,741
1,742
1,743
1,745
1,747
1,748
1,750
1,757
1,759
1,760
1,761
1,762
1,764
1,765
1,766
1,773
1,775
1,778
1,779
1,780
1,781
1,782
1,783
1,784
1,785
1,786
1,788
1,790
1,791
1,795
1,798
1,799
1,800
1,801
1,802
1,803
1,804
1,805
1,806
1,808
1,809
1,810
1,813
1,818
1,823
1,824
1,828
1,829
1,830
1,832
1,833
1,835
1,836
1,837
1,838
1,839
1,840
1,841
1,842
1,848
1,849
1,851
1,852
1,858
1,861
1,866
1,867
1,869
1,870
1,875
1,876
1,879
1,880
1,881
1,882
1,885
1,886
1,888
1,889
1,891
1,892
7,893
7,896
7,897
7,898
8,899
8,900
8,901
8,902
9,903
9,904
10,905
1,906
1,907
1,908
1,909
1,910
7,911
8,912
8,913
8,914
9,915
9,916
1,917
1,918
1,919
1,920
1,921
1,922
1,923
1,924
1,926
1,927
1,928
1,929
1,930
1,931
1,932
1,933
1,934
1,935
1,936
1,937
1,938
1,940
8,941
9,942
10,943
1,944
1,945
4,946
5,947
6,948
3,949
8,950
7,951
9,952
10,953
1,954
1,955
1,956
1,959
1,961
1,963
1,965
1,968
1,969
1,970
1,971
1,973
1,976
1,979
1,981
1,982
1,984
1,986
1,987
1,988
1,990
1,991
1,993
1,994
1,996
1,998
1,999
1,1003
1,1004
1,1005
1,1006
1,1007
1,1008
1,1009
1,1010
1,1011
1,1012
1,1013
1,1014
1,1015
1,1016
1,1017
1,1018
1,1019
1,1020
1,1021
1,1022
1,1023
1,1024
1,1025
1,1027
1,1028
1,1029
1,1030
1,1031
1,1032
1,1033
1,1034
1,1035
1,1036
1,1037
1,1040
1,1041
1,1042
1,1043
1,1046
1,1047
1,1049
1,1050
1,1051
1,1053
1,1054
1,1055
1,1056
1,1057
1,1059
1,1060
1,1061
1,1064
1,1066
1,1068
1,1073
1,1076
2,1077
5,1078
5,1079
5,1080
5,1081
5,1082
5,1083
6,1084
6,1085
8,1086
9,1088
10,1089
5,1090
6,1091
7,1092
1,1093
1,1094
1,1095
1,1096
1,1097
1,1099
1,1100
1,1101
1,1103
1,1104
1,1105
1,1107
1,1111
1,1112
1,1114
1,1116
1,1117
1,1119
1,1120
1,1121
1,1123
1,1124
1,1125
1,1126
1,1127
1,1128
1,1129
1,1130
1,1131
1,1132
1,1135
1,1136
1,1137
1,1140
1,1144
1,1147
1,1148
1,1150
1,1151
1,1156
1,1161
1,1162
1,1163
1,1167
1,1170
1,1171
1,1172
1,1173
1,1175
7,1176
8,1177
8,1178
1,1179
9,1180
9,1183
9,1184
9,1185
9,1186
1,1187
1,1188
10,1189
10,1190
10,1191
8,1192
7,1193
6,1194
5,1196
4,1197
1,1198
1,1199
1,1200
1,1201
1,1202
1,1203
1,1204
1,1206
1,1207
1,1208
1,1209
1,1210
1,1211
1,1212
1,1213
1,1214
1,1215
1,1216
1,1217
1,1218
1,1219
1,1220
1,1221
1,1222
1,1223
1,1224
1,1225
1,1226
1,1227
1,1228
1,1230
1,1231
1,1232
1,1233
1,1234
1,1235
1,1236
1,1237
1,1238
1,1240
1,1241
1,1242
1,1243
1,1244
1,1245
1,1246
1,1247
1,1248
1,1249
1,1250
1,1251
1,1252
1,1253
1,1254
1,1255
1,1256
1,1257
1,1258
1,1259
1,1260
1,1261
1,1262
1,1263
1,1264
1,1265
1,1266
1,1267
1,1268
1,1269
1,1270
1,1271
1,1272
1,1273
1,1274
1,1275
1,1276
1,1277
1,1278
1,1279
1,1280
1,1281
1,1282
1,1283
1,1284
1,1285
1,1286
1,1287
1,1288
1,1289
1,1290
1,1291
1,1292
1,1293
1,1295
1,1296
1,1297
1,1298
1,1299
1,1300
1,1301
1,1302
1,1303
1,1304
1,1305
1,1306
1,1307
1,1310
1,1312
1,1318
1,1320
1,1321
1,1322
1,1323
1,1324
1,1325
1,1326
1,1327
1,1328
1,1329
1,1330
1,1331
1,1332
1,1333
1,1334
1,1335
1,1336
1,1337
1,1339
1,1340
1,1341
1,1342
1,1343
1,1344
1,1345
1,1346
1,1347
1,1348
1,1349
1,1350
1,1351
1,1352
1,1353
1,1354
1,1355
1,1356
1,1357
1,1358
1,1359
1,1361
1,1363
1,1365
1,1366
1,1367
1,1370
1,1371
1,1372
1,1373
1,1374
1,1375
1,1376
1,1377
1,1378
1,1379
1,1380
1,1381
1,1382
1,1385
1,1387
1,1388
1,1389
1,1390
1,1391
1,1392
1,1393
1,1394
1,1395
1,1396
1,1397
1,1398
1,1399
1,1401
1,1405
1,1406
1,1407
1,1408
1,1409
1,1411
1,1412
1,1413
1,1414
1,1415
1,1416
1,1417
1,1419
1,1422
1,1423
1,1425
1,1426
1,1427
1,1428
1,1429
1,1430
1,1431
1,1432
1,1437
1,1438
1,1439
1,1440
1,1441
1,1442
1,1445
1,1446
1,1447
1,1449
1,1453
1,1454
1,1456
1,1457
1,1458
1,1459
1,1460
1,1461
1,1464
1,1465
1,1466
1,1468
1,1473
1,1474
1,1475
1,1476
1,1477
1,1479
1,1480
1,1483
1,1484
1,1485
1,1487
1,1488
1,1489
1,1490
1,1493
1,1495
1,1496
1,1497
1,1498
1,1499
1,1500
1,1502
1,1503
1,1507
1,1513
1,1514
1,1515
1,1516
1,1517
1,1518
1,1519
1,1526
1,1527
1,1529
1,1533
1,1537
1,1541
1,1542
1,1544
1,1545
1,1546
1,1547
1,1549
1,1550
1,1551
1,1552
1,1554
1,1556
1,1562
1,1564
1,1565
1,1566
1,1569
1,1571
1,1572
1,1573
1,1574
1,1580
1,1581
1,1582
1,1583
1,1584
1,1585
1,1586
1,1587
1,1588
1,1589
1,1590
1,1591
1,1592
1,1593
1,1594
1,1596
1,1597
1,1598
1,1599
1,1600
1,1601
1,1602
1,1603
1,1604
1,1605
1,1606
1,1608
1,1609
1,1610
1,1611
1,1612
1,1613
1,1614
1,1615
1,1616
1,1617
1,1619
1,1620
1,1621
1,1623
1,1624
1,1625
1,1626
1,1627
1,1629
1,1631
1,1633
1,1635
1,1639
1,1641
1,1642
1,1643
1,1644
1,1645
1,1646
1,1647
1,1648
1,1649
1,1650
1,1652
1,1653
1,1654
1,1655
1,1656
1,1658
1,1659
1,1660
1,1661
1,1662
1,1663
1,1665
1,1667
1,1670
1,1671
1,1672
1,1673
1,1674
1,1675
1,1676
1,1677
1,1678
1,1679
1,1680
1,1681
1,1682
1,1683
1,1684
1,1685
1,1686
1,1687
1,1688
1,1689
1,1690
1,1693
1,1694
1,1695
1,1696
1,1699
1,1701
1,1702
1,1703
1,1704
1,1707
1,1711
1,1713
1,1717
1,1718
1,1719
1,1721
1,1722
1,1726
1,1727
1,1729
1,1730
1,1731
1,1732
1,1733
1,1734
1,1735
1,1739
1,1746
1,1747
1,1748
1,1752
1,1753
1,1754
1,1755
1,1757
1,1759
1,1760
1,1762
1,1767
1,1769
1,1770
1,1771
1,1772
1,1777
1,1779
1,1783
1,1784
1,1785
1,1791
1,1792
1,1793
1,1794
1,1797
1,1798
1,1799
1,1801
1,1804
1,1805
1,1806
1,1807
1,1809
1,1810
1,1812
1,1816
1,1821
1,1824
1,1825
1,1826
1,1827
1,1829
1,1831
1,1833
1,1834
1,1835
1,1836
1,1837
1,1839
1,1840
1,1841
1,1844
1,1845
1,1848
1,1855
1,1856
1,1857
1,1858
1,1859
1,1860
1,1862
1,1863
1,1866
1,1867
1,1870
1,1873
1,1875
1,1876
1,1881
1,1882
1,1883
1,1884
1,1885
1,1887
1,1888
1,1889
1,1891
1,1892
1,1893
1,1894
1,1895
1,1897
1,1900
1,1902
1,1904
1,1906
1,1907
1,1909
1,1910
1,1911
1,1912
1,1913
1,1914
1,1916
1,1917
1,1918
1,1919
1,1920
1,1921
1,1922
1,1923
1,1924
1,1926
1,1927
1,1928
1,1929
1,1931
1,1932
1,1933
1,1934
1,1936
1,1937
1,1938
1,1939
1,1940
1,1941
1,1942
1,1944
1,1945
1,1946
1,1947
1,1948
1,1949
1,1950
1,1951
1,1952
1,1953
1,1954
1,1955
1,1956
1,1957
1,1958
1,1959
1,1960
1,1961
1,1962
1,1963
1,1964
1,1965
1,1966
1,1967
1,1968
1,1969
1,1970
1,1971
1,1972
1,1973
1,1974
1,1975
1,1976
1,1977
1,1978
1,1979
1,1980
1,1981
1,1982
1,1983
1,1984
1,1985
1,1986
1,1987
1,1990
1,1991
1,1992
1,1993
1,1994
1,1995
1,1996
1,1997
1,1998
1,1999
1,2000
1,2001
1,2002
1,2003
1,2004
1,2005
1,2006
1,2007
1,2008
1,2009
1,2010
1,2011
1,2012
1,2013
1,2014
1,2015
1,2016
1,2017
1,2018
1,2019
1,2020
1,2021
1,2022
1,2023
1,2024
1,2025
1,2026
1,2027
1,2028
1,2032
1,2033
1,2034
1,2035
1,2036
1,2037
1,2038
1,2040
1,2041
1,2042
1,2043
1,2044
1,2046
1,2048
1,2050
1,2051
1,2052
1,2053
1,2054
1,2055
1,2056
1,2057
1,2058
1,2059
1,2060
1,2064
1,2065
1,2066
1,2067
1,2068
1,2069
1,2070
1,2071
1,2072
1,2073
1,2074
1,2075
1,2076
1,2077
1,2078
1,2080
1,2081
1,2082
1,2083
1,2084
1,2085
1,2087
1,2088
1,2089
1,2090
1,2091
1,2092
1,2093
1,2094
1,2095
1,2096
1,2097
1,2098
1,2099
1,2100
1,2102
1,2103
1,2104
1,2105
1,2106
1,2107
1,2108
1,2109
1,2110
1,2111
1,2112
1,2114
1,2115
1,2116
1,2117
1,2118
1,2119
1,2120
1,2121
1,2122
1,2123
1,2124
1,2125
1,2126
1,2130
1,2131
1,2132
1,2133
1,2134
1,2135
1,2136
1,2137
1,2138
1,2139
1,2140
1,2141
1,2142
1,2143
1,2144
1,2145
1,2146
1,2147
1,2148
1,2149
1,2150
1,2151
1,2152
1,2153
1,2154
1,2155
1,2156
1,2159
1,2160
1,2161
1,2162
1,2163
1,2164
1,2165
1,2166
1,2167
1,2169
1,2170
1,2171
1,2172
1,2174
1,2175
1,2176
1,2177
1,2178
1,2179
1,2180
1,2181
1,2182
1,2183
1,2184
1,2185
1,2186
1,2187
1,2188
1,2190
1,2193
1,2194
1,2195
1,2196
1,2201
1,2202
1,2203
1,2204
1,2205
1,2206
1,2207
1,2208
1,2210
1,2211
1,2212
1,2226
1,2227
1,2231
1,2232
1,2236
1,2239
1,2240
1,2241
1,2243
1,2244
1,2245
1,2247
1,2248
1,2249
1,2252
1,2253
1,2255
1,2256
1,2257
1,2259
1,2260
1,2261
1,2262
1,2263
1,2264
1,2265
1,2266
1,2267
1,2268
1,2269
1,2271
1,2272
1,2273
1,2275
1,2278
1,2279
1,2280
1,2281
1,2282
1,2283
1,2286
1,2287
1,2288
1,2289
1,2290
1,2291
1,2292
1,2294
1,2295
1,2296
1,2297
1,2298
1,2300
1,2301
1,2302
1,2303
1,2304
1,2306
1,2307
1,2310
1,2311
1,2312
1,2313
1,2314
1,2315
1,2316
1,2318
1,2320
1,2321
1,2322
1,2323
1,2324
1,2325
1,2327
1,2328
1,2329
1,2330
1,2331
1,2332
1,2333
1,2334
1,2335
1,2336
1,2337
1,2338
1,2339
1,2340
1,2342
1,2344
1,2346
1,2347
1,2348
1,2349
1,2350
1,2351
1,2352
1,2353
1,2354
1,2355
1,2356
1,2357
1,2358
1,2359
1,2360
1,2361
1,2362
1,2363
1,2364
1,2365
1,2366
1,2367
1,2368
1,2369
1,2370
1,2371
1,2372
1,2373
1,2374
1,2375
1,2376
1,2377
1,2378
1,2379
1,2380
1,2381
1,2382
1,2383
1,2384
1,2385
1,2387
1,2388
1,2389
1,2390
1,2391
1,2392
1,2393
1,2394
1,2395
1,2396
1,2398
1,2399
1,2400
1,2401
1,2402
1,2403
1,2404
8,2405
7,2406
6,2407
9,2408
10,2409
8,2410
8,2411
8,2412
7,2413
7,2414
7,2415
6,2416
6,2417
6,2418
7,2419
7,2420
7,2421
10,2422
10,2423
1,2424
1,2425
1,2427
1,2428
1,2429
1,2430
1,2431
1,2432
1,2433
1,2435
1,2436
1,2439
1,2442
1,2443
1,2445
1,2446
1,2447
1,2448
1,2450
1,2451
1,2453
1,2454
1,2455
1,2456
1,2457
1,2458
1,2459
1,2460
1,2462
1,2463
1,2465
1,2467
1,2468
1,2469
1,2470
1,2471
1,2472
1,2473
1,2474
1,2475
1,2476
1,2477
1,2478
1,2481
1,2482
1,2483
1,2485
1,2488
1,2490
1,2491
1,2492
1,2493
1,2494
1,2495
1,2496
1,2497
1,2498
1,2500
1,2501
1,2502
1,2503
1,2504
1,2505
1,2506
1,2511
1,2512
1,2513
1,2514
1,2515
1,2516
1,2517
1,2518
1,2520
1,2521
1,2522
1,2523
1,2524
1,2525
1,2526
1,2527
1,2528
1,2529
1,2530
1,2531
1,2532
1,2533
1,2534
1,2535
1,2537
1,2538
1,2539
1,2540
1,2541
1,2542
1,2544
8,2546
8,2548
8,2549
8,2550
8,2551
8,2552
7,2553
7,2554
7,2555
6,2557
6,2558
6,2559
5,2560
5,2561
5,2563
10,2565
10,2566
10,2567
1,2568
1,2570
1,2571
1,2572
1,2573
1,2574
1,2575
1,2577
1,2579
1,2580
1,2581
1,2582
1,2583
1,2585
1,2586
1,2587
1,2589
1,2590
1,2593
1,2594
1,2596
1,2597
1,2598
1,2599
1,2600
1,2605
1,2606
1,2607
1,2609
1,2611
1,2612
1,2613
1,2614
1,2615
1,2616
1,2617
1,2618
1,2620
1,2622
1,2623
1,2624
1,2625
1,2628
1,2629
1,2630
1,2632
1,2633
1,2634
1,2639
1,2640
8,2641
10,2642
10,2643
8,2644
9,2648
7,2651
4,2652
10,2654
10,2655
9,2656
9,2657
9,2659
10,2660
10,2661
1,2662
1,2664
1,2665
1,2668
1,2669
1,2670
1,2671
1,2672
1,2674
1,2676
1,2677
1,2681
1,2682
1,2683
1,2686
1,2687
1,2688
1,2690
1,2691
1,2692
1,2693
1,2694
1,2695
1,2696
1,2697
1,2698
1,2699
1,2700
1,2701
1,2702
1,2706
1,2707
1,2708
1,2709
1,2710
1,2712
1,2713
1,2716
1,2717
1,2718
1,2719
1,2720
1,2722
1,2723
1,2724
1,2725
1,2726
1,2727
1,2728
1,2729
1,2730
1,2731
1,2732
1,2733
1,2734
1,2735
1,2736
1,2737
1,2738
1,2739
1,2740
1,2741
1,2742
1,2743
1,2744
1,2745
1,2746
1,2747
1,2748
1,2749
1,2750
1,2751
1,2752
1,2754
1,2757
1,2759
1,2761
1,2762
1,2763
1,2764
1,2765
1,2766
1,2769
1,2770
1,2771
1,2772
1,2774
1,2775
1,2779
1,2782
1,2784
1,2786
1,2787
1,2788
1,2789
1,2790
1,2791
1,2792
1,2793
1,2794
1,2795
1,2796
1,2797
1,2798
1,2799
1,2800
1,2801
1,2802
1,2803
1,2804
1,2805
1,2806
1,2807
1,2808
1,2810
1,2812
1,2813
1,2815
1,2816
1,2817
1,2818
1,2819
1,2820
1,2822
1,2824
1,2826
1,2827
1,2828
1,2829
1,2835
1,2836
1,2837
1,2839
1,2840
1,2841
1,2843
1,2844
1,2846
1,2847
1,2848
1,2851
1,2852
1,2856
1,2857
1,2858
1,2859
1,2860
1,2861
1,2862
1,2863
1,2865
1,2866
1,2867
1,2868
1,2870
1,2871
1,2872
1,2874
1,2875
1,2876
1,2877
1,2878
1,2879
1,2880
1,2881
1,2882
1,2883
1,2884
1,2885
1,2886
1,2887
1,2888
1,2889
1,2890
1,2891
1,2892
1,2893
1,2894
1,2896
1,2897
1,2898
1,2899
1,2900
1,2901
1,2902
1,2903
1,2905
1,2906
1,2907
1,2908
1,2912
1,2915
1,2916
1,2917
1,2918
1,2919
1,2921
1,2922
1,2924
1,2925
1,2926
1,2927
1,2928
1,2929
1,2930
1,2931
1,2932
1,2935
1,2936
1,2937
1,2939
8,2940
10,2941
2,2942
2,2943
2,2944
3,2946
6,2947
5,2948
4,2949
8,2950
8,2951
9,2952
7,2953
2,2956
3,2959
1,2961
1,2962
1,2964
1,2965
1,2966
1,2967
1,2968
1,2969
1,2970
1,2971
1,2972
1,2973
1,2974
1,2975
1,2976
1,2977
1,2978
1,2979
1,2982
1,2983
1,2984
1,2985
1,2986
1,2987
1,2988
1,2989
1,2990
1,2991
1,2992
1,2993
1,2995
1,2996
1,2997
1,3000
1,3002
1,3003
1,3004
1,3005
1,3006
1,3007
1,3008
1,3010
1,3011
1,3013
1,3014
1,3015
1,3016
1,3017
1,3018
1,3019
1,3020
1,3021
4,3022
4,3024
4,3028
8,3029
6,3030
2,3031
3,3032
6,3033
6,3034
4,3035
5,3036
5,3037
5,3038
1,3039
1,3040
1,3041
1,3042
1,3043
1,3044
1,3045
1,3046
1,3048
1,3051
1,3052
1,3053
1,3054
1,3055
1,3056
1,3057
1,3060
1,3061
1,3062
1,3063
1,3064
1,3066
1,3067
1,3068
1,3070
1,3071
1,3072
1,3073
1,3074
1,3075
1,3076
1,3077
1,3078
1,3079
1,3081
1,3082
1,3083
1,3086
1,3087
1,3088
1,3089
1,3090
1,3091
1,3093
1,3094
1,3095
1,3096
1,3097
1,3098
1,3099
1,3100
1,3101
1,3102
1,3103
1,3104
1,3105
1,3106
1,3107
1,3108
1,3109
1,3111
1,3112
8,3113
8,3114
8,3115
8,3117
5,3120
6,3125
7,3127
9,3129
10,3130
1,3132
4,3134
4,3135
1,3138
1,3141
1,3142
1,3143
1,3145
1,3146
1,3147
1,3148
1,3150
1,3152
1,3153
1,3155
1,3156
1,3157
1,3158
1,3159
1,3160
1,3161
1,3162
1,3163
1,3165
1,3167
1,3168
1,3169
1,3171
1,3173
1,3174
1,3175
1,3176
1,3177
1,3178
1,3179
1,3181
1,3182
1,3183
1,3185
1,3186
1,3189
1,3190
1,3192
1,3194
1,3196
1,3197
1,3198
1,3200
1,3201
1,3203
1,3204
1,3206
1,3208
1,3210
1,3211
1,3213
1,3214
1,3217
1,3219
1,3221
1,3223
1,3224
1,3225
1,3230
1,3235
1,3238
1,3240
1,3241
1,3243
1,3244
1,3246
1,3247
1,3248
1,3249
1,3250
1,3251
1,3252
1,3253
1,3254
1,3255
1,3256
1,3257
1,3258
1,3259
1,3260
1,3261
1,3262
1,3263
1,3264
1,3265
1,3266
1,3267
1,3268
1,3269
1,3270
1,3271
1,3272
1,3273
1,3274
1,3275
1,3276
1,3280
1,3281
1,3283
1,3284
1,3285
1,3286
1,3287
1,3289
1,3294
1,3295
1,3296
1,3298
1,3299
1,3300
1,3301
1,3302
1,3303
1,3306
1,3307
1,3308
1,3310
1,3313
1,3315
1,3316
1,3317
1,3323
1,3324
1,3325
1,3326
1,3327
1,3328
1,3329
1,3330
1,3331
1,3334
1,3338
1,3341
1,3342
1,3344
1,3345
1,3347
1,3350
1,3353
1,3354
1,3355
1,3357
2,3358
2,3359
2,3360
2,3361
2,3362
2,3363
2,3364
2,3365
2,3368
2,3370
2,3372
2,3374
2,3378
2,3379
2,3384
2,3385
2,3386
2,3387
2,3388
2,3389
2,3390
2,3391
2,3392
2,3393
2,3394
2,3395
2,3396
2,3397
2,3398
2,3400
2,3401
2,3402
2,3403
2,3404
2,3405
2,3406
2,3408
2,3409
2,3410
2,3412
2,3414
2,3415
2,3417
2,3418
2,3420
2,3421
2,3422
2,3423
2,3424
2,3425
2,3426
2,3428
2,3429
2,3430
2,3431
2,3432
2,3433
2,3434
2,3435
2,3436
2,3438
2,3439
2,3440
2,3441
2,3442
2,3444
2,3445
2,3446
2,3447
2,3448
2,3449
2,3450
2,3451
2,3452
2,3453
2,3454
2,3455
2,3456
2,3459
2,3461
2,3462
2,3466
2,3467
2,3468
2,3469
2,3470
2,3471
2,3473
2,3474
2,3475
2,3476
2,3477
2,3478
2,3479
2,3480
2,3481
2,3483
2,3484
2,3489
2,3492
2,3494
2,3496
2,3497
2,3498
2,3499
2,3500
2,3501
2,3502
2,3503
2,3504
2,3505
2,3506
2,3507
2,3508
2,3510
2,3511
2,3512
2,3513
2,3514
2,3515
2,3516
2,3519
2,3521
2,3524
2,3525
2,3526
2,3527
2,3528
2,3529
2,3531
2,3534
2,3535
2,3536
2,3537
2,3538
2,3539
2,3543
2,3544
2,3545
2,3546
2,3548
2,3549
2,3550
2,3551
2,3552
2,3553
2,3554
2,3555
2,3556
2,3557
2,3559
2,3563
2,3564
2,3565
2,3566
2,3567
2,3568
2,3569
2,3571
2,3572
2,3573
2,3574
2,3576
2,3577
2,3578
2,3580
2,3581
2,3584
2,3586
2,3587
2,3590
2,3591
2,3592
2,3593
2,3594
2,3596
2,3597
2,3598
2,3599
2,3604
2,3606
2,3608
2,3609
2,3614
2,3615
2,3616
2,3617
2,3618
2,3619
2,3622
2,3623
2,3624
2,3625
2,3626
2,3627
2,3628
2,3629
2,3632
2,3633
2,3634
2,3635
2,3637
2,3638
2,3639
2,3640
2,3641
2,3643
2,3646
2,3648
2,3649
2,3652
2,3653
2,3654
2,3655
2,3658
2,3660
2,3661
2,3662
2,3663
2,3664
2,3667
2,3668
2,3669
2,3671
2,3672
2,3673
2,3674
2,3675
2,3676
2,3677
2,3678
2,3679
2,3680
2,3681
2,3682
2,3683
2,3684
2,3685
2,3686
2,3687
2,3688
2,3689
2,3690
2,3691
2,3692
2,3693
2,3694
2,3695
2,3696
2,3697
2,3698
2,3699
2,3700
2,3701
2,3702
2,3703
2,3704
2,3705
2,3706
2,3707
2,3708
2,3709
2,3710
2,3711
2,3712
2,3713
2,3714
2,3715
2,3716
2,3717
2,3719
2,3720
2,3723
2,3724
2,3725
2,3726
2,3727
2,3728
2,3729
2,3730
2,3731
2,3732
2,3733
2,3735
2,3736
2,3737
2,3738
2,3739
2,3740
2,3741
2,3742
2,3743
2,3744
2,3745
2,3746
2,3747
2,3751
2,3752
2,3753
2,3754
2,3755
2,3756
2,3758
2,3760
2,3761
2,3763
2,3764
2,3765
2,3766
2,3767
2,3768
2,3769
2,3770
2,3771
2,3773
2,3774
2,3783
2,3784
2,3785
2,3786
2,3787
2,3788
2,3789
2,3790
2,3791
2,3792
2,3793
2,3794
2,3795
2,3797
2,3798
2,3799
2,3801
2,3802
2,3806
2,3807
2,3808
2,3809
2,3810
2,3811
2,3812
2,3813
2,3814
2,3816
2,3819
2,3821
2,3822
2,3823
2,3824
2,3825
2,3826
2,3827
2,3830
2,3831
2,3832
2,3833
2,3834
3,3835
3,3836
3,3837
3,3838
7,3839
7,3840
10,3841
10,3843
10,3844
10,3845
9,3846
10,3847
10,3849
10,3851
10,3852
8,3855
8,3857
8,3858
9,3859
3,3861
3,3862
3,3863
3,3864
3,3865
3,3868
3,3869
3,3870
3,3871
3,3872
3,3873
3,3877
3,3879
3,3882
3,3884
3,3888
3,3889
3,3893
3,3894
3,3895
3,3896
3,3897
3,3898
3,3899
3,3900
3,3901
3,3906
3,3908
3,3909
3,3910
3,3911
3,3912
3,3914
3,3915
3,3916
3,3917
3,3918
3,3919
3,3920
3,3922
3,3925
3,3926
3,3927
3,3928
3,3929
3,3930
3,3932
3,3933
3,3937
3,3938
3,3939
3,3940
3,3941
3,3942
3,3943
3,3945
3,3946
3,3947
3,3948
3,3949
3,3950
3,3951
3,3952
3,3953
3,3955
3,3957
3,3958
3,3959
3,3962
3,3963
3,3964
3,3965
3,3966
3,3967
3,3968
3,3969
3,3971
3,3972
3,3973
3,3974
3,3977
3,3978
3,3979
3,3980
3,3981
3,3983
3,3984
3,3985
3,3986
3,3987
3,3988
3,3989
3,3990
3,3991
3,3992
3,3993
3,3994
3,3996
3,3997
3,3998
3,3999
3,4000
3,4002
3,4003
3,4005
3,4006
3,4007
3,4008
3,4009
3,4010
3,4011
3,4012
3,4014
3,4015
3,4016
3,4017
3,4018
3,4019
3,4020
3,4021
3,4022
3,4023
3,4024
3,4025
3,4027
3,4029
3,4030
3,4031
3,4032
3,4033
3,4034
3,4035
3,4036
3,4037
3,4039
3,4040
3,4041
3,4042
3,4043
3,4046
3,4047
3,4051
3,4052
3,4053
3,4054
3,4055
3,4056
3,4061
3,4062
3,4063
3,4064
3,4065
3,4066
3,4067
3,4068
3,4069
3,4074
3,4077
3,4078
3,4079
3,4080
3,4081
3,4082
3,4083
3,4084
3,4085
3,4086
3,4089
3,4090
3,4091
3,4092
3,4093
3,4102
3,4103
3,4104
3,4105
3,4109
3,4110
3,4111
3,4113
3,4115
3,4116
3,4117
3,4121
3,4123
3,4124
3,4125
3,4126
3,4127
3,4128
3,4129
3,4130
3,4131
3,4132
3,4133
3,4135
3,4138
3,4139
3,4141
3,4142
3,4143
3,4144
3,4146
3,4147
3,4148
3,4149
3,4152
3,4153
3,4154
3,4155
3,4156
3,4157
3,4158
3,4159
3,4160
3,4161
3,4164
3,4166
3,4167
3,4168
3,4171
3,4174
3,4175
3,4178
3,4180
3,4181
3,4184
3,4187
3,4189
3,4190
3,4191
3,4193
3,4194
3,4195
3,4197
3,4198
3,4200
3,4202
3,4203
3,4204
3,4205
3,4207
3,4210
3,4211
3,4212
3,4214
3,4215
3,4217
3,4218
3,4219
3,4220
3,4221
3,4223
3,4224
3,4225
3,4226
3,4228
3,4229
3,4231
3,4232
3,4233
3,4234
3,4235
3,4236
3,4237
3,4238
3,4239
3,4240
3,4241
3,4242
3,4243
3,4246
3,4247
3,4248
3,4251
3,4252
3,4254
3,4255
3,4256
3,4259
3,4260
3,4262
3,4263
3,4265
3,4267
3,4268
3,4270
3,4273
3,4275
3,4276
3,4278
3,4280
3,4282
3,4284
3,4285
3,4289
3,4290
3,4291
3,4292
3,4293
3,4294
3,4296
3,4297
3,4298
3,4299
3,4300
3,4304
3,4305
3,4306
3,4307
3,4308
3,4310
3,4312
3,4313
3,4316
3,4317
3,4321
3,4322
3,4323
3,4325
3,4326
3,4327
3,4329
3,4333
3,4334
3,4337
3,4338
3,4339
3,4340
3,4342
3,4343
3,4344
3,4345
3,4347
3,4349
3,4350
3,4351
3,4353
3,4354
3,4355
3,4356
3,4357
3,4359
3,4361
3,4366
3,4367
3,4368
3,4369
3,4370
3,4371
3,4372
3,4373
3,4374
3,4378
3,4380
3,4381
3,4383
3,4384
3,4386
3,4387
3,4388
3,4389
3,4390
3,4392
3,4393
3,4394
3,4395
3,4396
3,4397
3,4399
3,4402
3,4403
3,4404
3,4406
3,4407
3,4408
3,4409
3,4410
3,4412
3,4419
3,4420
3,4422
3,4424
7,4426
7,4427
7,4428
7,4429
7,4432
8,4433
9,4434
10,4436
3,4437
3,4438
1,4439
10,4440
8,4441
5,4442
4,4443
6,4444
3,4445
2,4446
1,4447
1,4448
10,4449
3,4450
3,4451
3,4452
3,4453
3,4454
3,4458
3,4459
3,4462
3,4463
3,4464
3,4465
3,4466
3,4467
3,4470
3,4471
3,4473
3,4474
3,4475
3,4476
3,4477
3,4478
3,4480
3,4482
3,4483
3,4484
3,4487
3,4488
3,4489
3,4490
3,4492
3,4495
3,4496
3,4497
3,4498
3,4499
3,4500
3,4502
3,4504
3,4505
3,4506
3,4508
3,4509
3,4511
3,4516
3,4517
3,4518
3,4519
3,4520
3,4521
3,4522
3,4523
3,4524
3,4526
3,4527
3,4529
3,4531
3,4533
3,4534
3,4535
3,4537
3,4541
3,4544
3,4545
3,4546
3,4552
3,4553
3,4557
3,4558
3,4562
3,4563
3,4564
3,4565
3,4568
3,4571
3,4572
3,4573
3,4574
3,4577
3,4578
3,4580
3,4581
3,4583
3,4584
3,4585
3,4587
3,4589
3,4591
3,4593
3,4594
3,4595
3,4597
3,4599
3,4600
3,4602
3,4603
3,4605
3,4608
3,4610
3,4611
3,4612
3,4613
3,4614
3,4615
3,4616
3,4617
3,4619
3,4621
3,4622
3,4623
3,4624
3,4625
3,4626
3,4628
3,4629
3,4630
3,4632
3,4634
3,4635
3,4636
3,4638
3,4639
3,4640
3,4641
3,4642
3,4643
3,4644
3,4645
3,4646
3,4649
3,4653
3,4654
3,4658
3,4660
3,4661
3,4662
3,4663
3,4666
3,4670
3,4671
3,4672
3,4673
3,4675
3,4676
3,4677
3,4678
3,4679
3,4681
3,4683
3,4686
3,4687
3,4688
3,4689
3,4690
3,4695
3,4697
3,4699
3,4700
3,4701
3,4703
3,4704
3,4705
3,4708
3,4709
3,4710
3,4711
3,4713
3,4714
3,4715
3,4717
3,4718
3,4719
3,4720
3,4721
3,4722
3,4723
3,4725
3,4727
3,4728
3,4732
3,4733
3,4734
3,4735
3,4736
3,4738
3,4740
3,4741
3,4743
3,4744
3,4745
10,4748
10,4749
10,4750
8,4754
9,4756
8,4757
9,4759
8,4765
9,4766
9,4769
10,4770
10,4771
10,4772
3,4773
3,4774
3,4775
3,4776
3,4777
3,4780
3,4782
3,4783
3,4784
3,4785
3,4786
3,4787
3,4788
3,4789
3,4792
3,4794
3,4795
3,4796
3,4798
3,4799
3,4800
3,4801
3,4802
3,4803
3,4804
3,4808
3,4809
3,4810
3,4811
3,4812
3,4813
3,4814
3,4815
3,4816
3,4818
3,4821
3,4822
3,4823
3,4825
3,4826
3,4827
3,4828
3,4830
3,4831
3,4833
3,4835
3,4836
3,4840
3,4844
3,4845
4,4846
7,4847
8,4848
6,4849
6,4850
6,4852
3,4855
2,4857
1,4860
4,4862
7,4863
8,4864
9,4865
6,4866
5,4867
5,4871
5,4873
2,4874
3,4876
3,4877
3,4878
3,4879
3,4880
3,4881
3,4883
3,4885
3,4886
3,4887
3,4888
3,4889
3,4890
3,4893
3,4896
3,4898
3,4899
3,4900
3,4901
3,4902
3,4903
3,4909
3,4911
3,4912
3,4914
3,4915
3,4916
3,4917
3,4919
3,4920
3,4921
3,4925
3,4926
3,4927
3,4928
3,4929
3,4932
3,4936
3,4939
3,4941
3,4942
3,4945
3,4946
3,4947
3,4951
3,4952
3,4953
3,4954
3,4956
3,4957
3,4958
3,4959
3,4961
3,4962
3,4963
3,4964
3,4965
3,4966
3,4967
3,4969
3,4970
3,4971
3,4973
3,4974
3,4975
3,4976
3,4977
3,4978
3,4979
3,4980
3,4981
3,4985
3,4987
3,4988
3,4989
3,4990
3,4991
3,4992
3,4993
3,4994
3,4995
3,4998
3,5004
3,5007
3,5008
3,5009
3,5010
3,5011
3,5012
3,5013
3,5014
3,5015
3,5016
3,5021
3,5023
3,5025
3,5026
3,5027
3,5028
3,5033
3,5034
3,5039
3,5040
3,5041
3,5046
3,5047
3,5048
3,5049
3,5051
3,5053
3,5054
3,5055
3,5059
3,5060
3,5062
3,5063
8,5064
7,5065
10,5066
10,5068
3,5069
6,5071
6,5072
9,5073
9,5074
9,5075
8,5076
7,5077
4,5080
1,5081
10,5083
2,5088
2,5092
2,5093
3,5094
3,5095
3,5096
3,5099
3,5102
3,5103
3,5105
3,5106
3,5107
3,5108
3,5109
3,5110
3,5111
3,5112
3,5113
3,5114
3,5116
3,5120
3,5121
3,5127
3,5128
3,5131
3,5134
3,5135
3,5136
3,5137
3,5139
3,5146
3,5147
3,5151
3,5152
3,5155
3,5156
3,5159
3,5165
3,5168
3,5170
3,5171
3,5177
3,5178
3,5181
3,5187
3,5189
3,5197
3,5198
3,5202
3,5205
3,5209
3,5212
3,5213
3,5214
3,5218
3,5219
3,5220
3,5221
3,5222
3,5224
3,5225
3,5226
3,5231
3,5237
3,5238
3,5239
3,5240
3,5241
3,5244
3,5246
3,5247
3,5248
3,5250
3,5254
3,5255
3,5256
3,5258
2,5264
2,5265
2,5266
10,5267
10,5268
10,5269
10,5272
10,5275
10,5278
8,5279
9,5282
9,5283
9,5284
8,5285
7,5288
8,5291
3,5292
3,5293
3,5294
3,5296
3,5297
3,5298
3,5299
3,5300
3,5303
3,5304
3,5307
3,5308
3,5309
3,5311
3,5312
3,5313
3,5316
3,5319
3,5321
3,5322
3,5323
3,5324
3,5325
3,5328
3,5329
3,5333
3,5334
3,5337
3,5338
3,5339
3,5341
3,5345
3,5346
3,5347
3,5348
3,5349
3,5353
3,5356
3,5357
3,5358
3,5361
3,5363
3,5364
3,5365
3,5372
3,5373
3,5375
3,5377
3,5378
3,5379
3,5380
3,5382
3,5384
3,5385
3,5387
3,5388
3,5389
3,5390
3,5391
3,5397
3,5398
3,5400
3,5401
3,5404
3,5409
4,5410
4,5414
4,5415
4,5416
4,5417
4,5418
4,5419
4,5420
4,5421
4,5422
4,5423
4,5424
4,5425
4,5427
4,5428
4,5433
4,5434
4,5435
4,5437
4,5438
4,5440
4,5442
4,5443
4,5444
4,5445
4,5446
4,5447
4,5448
4,5449
4,5450
4,5451
4,5452
4,5454
4,5455
4,5456
4,5458
4,5459
4,5460
4,5461
4,5462
4,5463
4,5464
4,5465
4,5466
4,5468
4,5470
4,5471
4,5472
4,5475
4,5476
4,5477
4,5478
4,5479
4,5480
4,5481
4,5483
4,5485
4,5486
4,5489
4,5490
4,5493
4,5497
4,5498
4,5499
4,5500
4,5501
4,5502
4,5503
4,5504
4,5505
4,5506
4,5507
4,5508
4,5512
4,5513
4,5515
4,5521
4,5522
4,5523
4,5524
4,5525
4,5527
4,5528
4,5529
4,5530
4,5531
4,5532
4,5537
4,5538
4,5539
4,5540
4,5541
4,5543
4,5544
4,5548
4,5550
4,5553
4,5556
4,5560
4,5562
4,5563
4,5564
4,5568
4,5569
4,5570
4,5572
4,5573
4,5574
4,5575
4,5577
4,5580
4,5581
4,5582
4,5584
4,5585
4,5588
4,5589
4,5590
4,5591
4,5596
4,5597
4,5601
4,5602
4,5603
4,5604
4,5607
4,5608
4,5609
4,5610
4,5611
4,5612
4,5613
4,5614
4,5615
4,5617
4,5618
4,5619
4,5620
4,5621
4,5625
4,5628
4,5629
4,5630
4,5632
4,5633
4,5635
4,5636
10,5637
10,5638
10,5640
10,5643
10,5644
10,5646
10,5649
10,5650
4,5651
4,5657
4,5663
4,5664
4,5665
4,5666
4,5667
4,5668
4,5669
4,5670
4,5672
4,5673
4,5675
4,5678
4,5679
4,5680
4,5682
4,5684
4,5685
4,5688
4,5689
4,5690
4,5693
4,5694
4,5696
4,5699
4,5700
4,5704
4,5706
4,5707
4,5710
4,5712
4,5720
4,5721
4,5723
4,5733
5,5735
10,5736
10,5741
10,5742
10,5745
10,5746
10,5747
10,5749
10,5752
10,5755
10,5764
4,5767
4,5768
4,5771
4,5772
4,5773
4,5779
4,5780
4,5782
4,5784
10,5785
10,5786
10,5787
10,5788
10,5791
8,5792
9,5796
9,5797
9,5799
8,5801
8,5802
7,5803
8,5804
9,5809
10,5810
3,5812
3,5816
2,5817
2,5818
4,5820
4,5826
4,5828
4,5829
4,5833
4,5836
4,5838
4,5839
4,5840
4,5841
4,5843
4,5847
4,5849
4,5853
4,5856
4,5863
4,5867
4,5872
4,5873
4,5874
4,5875
4,5876
4,5878
4,5879
4,5880
4,5881
4,5882
4,5883
4,5884
4,5888
4,5889
4,5890
4,5891
4,5893
4,5896
4,5899
4,5900
4,5901
4,5902
4,5903
4,5909
4,5912
4,5915
4,5919
4,5922
4,5925
4,5927
4,5929
4,5932
8,5938
8,5941
8,5942
8,5943
8,5944
8,5945
8,5947
7,5949
7,5951
7,5952
6,5953
6,5954
6,5955
9,5956
9,5957
9,5959
10,5961
10,5962
10,5963
10,5965
4,5968
4,5969
4,5970
4,5971
4,5974
4,5975
4,5979
4,5980
4,5984
4,5986
4,5988
4,5989
4,5990
4,5991
4,5992
4,5993
4,5994
4,5995
4,5999
4,6001
4,6002
4,6003
4,6005
4,6006
4,6009
4,6012
4,6013
4,6014
4,6016
4,6020
4,6021
4,6022
4,6023
4,6025
4,6027
4,6030
4,6031
4,6033
4,6035
4,6036
4,6039
4,6040
4,6041
4,6042
4,6044
4,6049
4,6051
4,6055
4,6057
4,6058
4,6059
4,6060
4,6062
4,6063
4,6064
4,6067
4,6070
4,6078
4,6086
4,6090
4,6093
4,6095
4,6100
4,6101
4,6104
4,6107
4,6111
4,6116
4,6119
4,6122
4,6123
4,6124
4,6125
4,6140
4,6141
4,6143
4,6145
4,6148
4,6153
4,6155
4,6156
4,6157
4,6158
4,6159
4,6162
4,6163
4,6166
4,6169
4,6170
4,6178
4,6181
8,6182
7,6183
7,6184
7,6185
7,6186
7,6187
6,6188
6,6192
6,6193
5,6195
5,6196
5,6197
9,6201
10,6202
8,6203
8,6204
8,6210
7,6212
7,6213
7,6214
4,6215
4,6216
4,6217
4,6218
4,6219
4,6220
4,6222
4,6223
4,6225
4,6228
4,6232
4,6234
4,6235
4,6237
4,6238
4,6239
4,6241
4,6242
4,6244
4,6245
4,6246
4,6249
4,6250
4,6251
4,6252
4,6254
4,6263
4,6264
4,6265
4,6266
4,6267
4,6268
4,6269
4,6270
4,6271
4,6273
4,6279
4,6280
4,6281
4,6283
4,6285
4,6286
4,6287
4,6288
4,6289
4,6290
4,6291
4,6294
4,6295
4,6296
4,6297
4,6298
4,6299
4,6300
4,6301
4,6302
4,6303
4,6305
4,6306
4,6308
4,6310
4,6313
4,6314
4,6315
4,6316
4,6319
4,6320
4,6322
4,6323
4,6324
4,6327
8,6329
9,6330
9,6331
9,6332
9,6333
9,6334
1,6335
10,6336
8,6337
4,6338
4,6339
4,6341
4,6342
4,6344
4,6345
4,6347
4,6348
4,6349
4,6350
4,6357
4,6358
4,6365
4,6367
4,6368
4,6370
4,6371
4,6373
4,6374
4,6375
4,6376
4,6377
4,6378
4,6379
4,6380
4,6382
4,6383
4,6385
4,6386
4,6387
4,6390
4,6395
4,6400
4,6402
4,6405
4,6407
4,6408
4,6410
4,6412
4,6415
4,6417
4,6422
4,6424
4,6425
4,6427
4,6428
4,6429
4,6433
4,6434
4,6436
4,6440
4,6442
4,6448
4,6449
4,6452
4,6453
4,6454
4,6460
4,6461
4,6464
4,6465
4,6466
4,6476
4,6477
4,6480
4,6482
4,6483
4,6484
4,6493
4,6502
4,6503
4,6506
4,6509
4,6510
4,6514
4,6515
4,6516
4,6517
4,6523
4,6527
4,6528
4,6530
4,6533
4,6534
4,6535
4,6536
4,6537
4,6538
4,6539
4,6541
4,6542
4,6545
4,6547
4,6548
4,6549
4,6550
4,6551
4,6552
4,6553
4,6554
4,6557
4,6558
4,6559
4,6560
4,6561
4,6563
4,6564
4,6565
4,6566
4,6567
4,6568
4,6571
4,6572
4,6573
4,6574
4,6577
4,6578
4,6579
4,6581
4,6582
4,6583
4,6584
4,6586
4,6587
4,6588
4,6591
4,6592
4,6593
4,6595
4,6596
4,6597
4,6598
4,6603
4,6604
4,6609
4,6611
4,6612
4,6614
4,6615
4,6616
4,6617
4,6618
4,6619
4,6620
4,6624
4,6625
4,6628
4,6629
4,6631
4,6636
4,6638
4,6639
4,6643
4,6644
4,6645
4,6650
4,6654
4,6656
4,6658
4,6659
4,6660
4,6662
4,6663
4,6664
4,6665
4,6666
4,6667
4,6668
4,6669
4,6670
4,6671
4,6678
8,6679
8,6684
8,6686
8,6687
8,6688
8,6689
7,6691
7,6692
7,6695
7,6696
6,6699
6,6702
6,6705
6,6706
10,6707
10,6708
10,6709
10,6710
10,6711
4,6713
4,6715
4,6718
7,6720
7,6721
8,6722
9,6723
6,6724
3,6731
2,6732
1,6734
4,6744
7,6746
8,6748
9,6750
6,6751
3,6752
2,6753
1,6754
4,6755
7,6760
8,6763
4,6764
4,6765
4,6768
4,6769
4,6770
4,6772
4,6773
4,6774
4,6775
4,6776
4,6777
4,6780
4,6782
4,6783
4,6785
4,6786
4,6787
4,6788
4,6789
4,6790
4,6791
4,6793
4,6794
4,6796
4,6797
4,6798
4,6800
4,6803
4,6804
4,6807
4,6808
4,6809
4,6810
4,6811
4,6812
4,6814
4,6816
4,6817
4,6818
4,6820
4,6821
4,6827
4,6832
4,6835
4,6836
4,6837
4,6849
4,6850
4,6851
4,6852
4,6853
4,6856
4,6857
4,6858
4,6860
4,6862
4,6863
4,6867
4,6868
4,6869
4,6870
4,6872
4,6873
4,6874
4,6879
4,6880
4,6881
4,6882
4,6883
4,6884
4,6885
4,6886
4,6887
4,6888
4,6889
4,6890
4,6893
4,6898
4,6899
4,6902
4,6909
4,6911
4,6912
4,6918
4,6920
4,6927
4,6932
4,6934
4,6935
4,6936
4,6938
4,6939
4,6942
4,6944
4,6945
4,6946
4,6947
4,6948
4,6949
4,6950
4,6951
4,6952
4,6953
4,6954
4,6957
4,6958
4,6959
4,6961
4,6962
4,6963
4,6965
4,6966
4,6967
4,6969
4,6970
10,6971
10,6973
10,6974
8,6975
8,6978
8,6979
8,6981
7,6982
7,6983
7,6984
6,6985
6,6986
6,6987
5,6989
5,6990
5,6992
4,6993
4,6994
4,6996
4,6997
4,6998
4,6999
4,7000
4,7001
4,7004
4,7005
4,7007
4,7008
4,7009
4,7010
4,7012
4,7013
4,7015
4,7016
4,7017
4,7018
4,7019
4,7020
4,7022
4,7023
4,7024
4,7025
4,7026
4,7027
4,7028
4,7030
4,7031
4,7032
4,7033
4,7034
4,7036
4,7037
4,7038
4,7040
4,7041
4,7044
4,7045
4,7046
4,7047
4,7048
4,7049
4,7050
4,7051
4,7052
4,7053
4,7054
4,7055
4,7056
4,7057
4,7058
4,7059
4,7060
4,7061
4,7062
4,7063
8,7064
8,7065
8,7067
8,7069
9,7070
6,7071
5,7072
3,7073
2,7074
1,7075
4,7076
4,7078
5,7079
7,7080
4,7082
4,7083
4,7084
10,7085
10,7086
9,7087
9,7088
9,7089
9,7090
9,7091
9,7092
9,7093
9,7096
9,7099
9,7101
8,7102
8,7103
8,7104
8,7107
8,7108
8,7109
5,7114
5,7115
4,7116
4,7117
4,7118
4,7121
4,7122
4,7123
4,7124
4,7125
4,7127
4,7131
4,7132
4,7134
4,7137
4,7139
4,7141
4,7142
4,7143
4,7147
4,7149
4,7150
4,7151
4,7153
4,7154
4,7155
4,7156
4,7158
4,7160
4,7161
4,7162
4,7163
4,7164
4,7165
4,7167
4,7169
4,7171
4,7173
4,7175
4,7176
4,7177
4,7178
4,7179
4,7181
4,7184
4,7190
4,7191
4,7192
4,7193
4,7202
4,7205
4,7206
7,7208
8,7209
7,7211
4,7212
1,7215
2,7216
3,7217
6,7218
9,7219
8,7222
7,7223
4,7225
1,7228
2,7234
3,7235
6,7236
9,7238
8,7243
7,7245
4,7247
4,7248
4,7251
4,7254
4,7255
4,7256
4,7257
4,7258
4,7259
4,7260
4,7261
4,7262
4,7263
4,7264
4,7265
4,7266
4,7282
4,7285
4,7292
4,7293
4,7294
4,7297
4,7299
4,7301
4,7302
4,7303
4,7304
4,7305
4,7306
4,7307
4,7308
4,7310
4,7311
4,7312
4,7315
4,7316
4,7317
4,7318
4,7319
4,7320
4,7321
4,7323
4,7324
4,7325
4,7326
4,7327
4,7328
4,7333
4,7335
4,7336
4,7340
4,7344
4,7345
4,7346
4,7347
4,7348
4,7349
4,7352
4,7354
4,7357
4,7360
4,7361
4,7362
4,7364
4,7366
4,7367
4,7368
4,7369
4,7371
4,7372
4,7373
4,7375
4,7376
4,7377
4,7379
4,7380
4,7381
4,7382
4,7386
4,7387
4,7390
4,7394
4,7395
4,7396
4,7411
4,7414
4,7419
4,7438
4,7439
4,7440
4,7443
4,7444
4,7445
4,7448
4,7449
4,7450
4,7451
4,7454
4,7455
4,7457
4,7458
4,7459
4,7460
4,7477
4,7479
4,7481
4,7482
4,7486
4,7487
4,7492
4,7493
4,7541
4,7560
4,7561
4,7562
4,7564
4,7566
4,7569
4,7570
4,7572
4,7573
4,7579
4,7581
4,7584
4,7587
4,7614
4,7615
4,7616
4,7618
4,7619
4,7620
4,7624
4,7636
4,7646
4,7647
4,7649
4,7650
4,7657
4,7669
4,7698
4,7700
4,7701
4,7702
4,7704
4,7705
4,7706
4,7707
4,7708
4,7713
4,7714
4,7716
4,7720
4,7727
4,7728
4,7730
4,7742
4,7743
4,7745
4,7748
4,7749
4,7753
4,7756
4,7757
4,7762
4,7766
4,7767
4,7772
4,7773
4,7781
4,7782
4,7786
4,7789
4,7792
4,7802
4,7810
4,7811
4,7812
4,7815
4,7820
4,7822
4,7826
4,7831
4,7832
4,7833
4,7834
4,7835
4,7839
4,7840
4,7841
4,7842
4,7843
4,7844
4,7845
4,7846
4,7879
4,7882
4,7883
4,7884
4,7888
4,7889
4,7891
4,7894
4,7895
4,7896
4,7899
4,7900
4,7916
4,7920
4,7924
4,7925
4,7926
4,7930
4,7932
4,7934
4,7936
4,7937
4,7938
4,7939
4,7940
4,7943
4,7944
4,7951
4,7976
4,7979
4,7980
4,7981
4,7982
4,7983
4,7984
4,7986
4,7987
4,7988
4,7991
4,7993
4,8008
4,8010
4,8011
4,8012
4,8014
4,8015
4,8016
4,8019
4,8024
4,8025
4,8033
4,8035
4,8042
4,8043
4,8044
4,8045
4,8057
4,8092
4,8093
4,8094
4,8117
4,8118
4,8119
4,8121
4,8125
4,8126
4,8128
4,8131
4,8132
4,8136
4,8137
4,8138
4,8142
4,8143
4,8147
4,8153
4,8154
4,8157
4,8158
4,8167
4,8169
4,8183
4,8188
4,8189
4,8190
4,8191
4,8195
4,8196
4,8197
4,8199
4,8207
4,8225
4,8228
4,8232
4,8235
4,8236
4,8238
4,8239
4,8241
4,8253
4,8254
4,8261
4,8264
4,8266
4,8268
4,8270
10,8275
10,8290
10,8293
10,8302
10,8327
10,8331
10,8335
10,8336
10,8337
10,8338
4,8340
4,8341
4,8360
4,8361
4,8362
4,8363
4,8364
4,8366
4,8368
4,8369
4,8370
4,8371
4,8372
4,8373
4,8375
4,8376
4,8378
4,8379
4,8380
4,8382
4,8383
4,8385
4,8387
4,8391
4,8402
4,8405
4,8410
4,8424
4,8425
4,8426
4,8427
4,8446
4,8447
4,8450
4,8451
4,8454
4,8456
4,8458
4,8459
4,8461
4,8462
4,8463
4,8464
4,8465
4,8477
4,8481
4,8482
4,8484
4,8487
4,8491
4,8492
4,8493
4,8494
4,8495
4,8500
4,8501
4,8502
4,8506
4,8507
4,8511
4,8512
4,8518
4,8521
4,8526
4,8528
4,8529
4,8530
4,8531
4,8532
4,8533
4,8534
4,8535
4,8542
4,8571
4,8574
4,8575
4,8577
4,8578
4,8580
4,8581
4,8582
4,8587
4,8588
4,8591
4,8593
4,8596
4,8600
4,8601
4,8604
4,8605
4,8607
4,8609
4,8610
4,8611
4,8614
4,8617
4,8620
4,8622
4,8623
4,8626
4,8632
4,8633
4,8636
4,8638
4,8640
4,8641
4,8643
4,8644
4,8645
4,8650
4,8656
4,8665
4,8666
4,8667
4,8670
4,8677
4,8684
4,8685
4,8690
4,8695
4,8711
4,8712
4,8713
4,8714
4,8718
4,8720
4,8724
4,8727
4,8730
4,8738
4,8743
4,8748
4,8753
4,8754
4,8755
4,8765
4,8771
4,8772
4,8773
4,8774
4,8778
4,8781
4,8782
4,8783
4,8784
4,8795
4,8796
4,8798
4,8799
4,8800
4,8804
4,8807
4,8808
4,8809
4,8810
4,8813
4,8814
4,8815
4,8827
4,8830
4,8831
4,8832
4,8833
4,8835
4,8836
4,8838
4,8840
4,8844
4,8848
4,8860
4,8861
4,8864
4,8865
4,8866
4,8869
4,8870
4,8873
4,8874
4,8875
4,8879
4,8880
4,8894
4,8905
4,8906
4,8907
4,8908
4,8910
4,8911
4,8912
4,8914
4,8915
4,8916
4,8917
4,8918
4,8919
4,8920
4,8921
4,8928
4,8933
4,8934
4,8937
4,8938
4,8939
4,8943
4,8946
4,8947
4,8948
4,8949
4,8950
4,8951
4,8952
4,8954
4,8955
4,8957
4,8958
4,8959
4,8961
4,8964
4,8965
4,8966
4,8967
4,8968
4,8969
4,8970
4,8972
4,8973
4,8974
4,8977
4,8978
4,8979
4,8981
4,8982
4,8983
4,8984
4,8985
4,8987
4,8989
4,8998
4,9004
4,9005
4,9008
4,9010
4,9018
4,25746
4,25750
4,25752
4,25753
4,25757
4,25769
4,25771
4,25773
4,25782
4,25788
4,25795
4,25797
4,25805
4,25825
4,25826
4,25827
4,25833
4,25834
4,25841
4,25850
4,25855
4,25856
4,25865
4,25870
4,25886
4,25887
4,25898
4,25905
4,25906
4,25923
4,25927
4,25937
4,25940
4,25946
4,25947
4,25952
4,25959
4,25962
4,25963
4,25996
4,25999
4,26002
4,26003
4,26038
4,26048
4,26052
4,26059
4,26073
4,26078
4,26082
4,26084
4,26085
4,26095
4,26116
4,26122
5,26124
5,26131
5,26133
5,26142
5,26147
5,26150
5,26151
5,26152
5,26158
5,26159
5,26169
5,26171
5,26172
5,26176
5,26183
5,26184
5,26195
5,26198
5,26225
5,26231
5,26236
5,26237
5,26242
5,26249
5,26258
5,26265
5,26283
5,26285
5,26303
5,26308
5,26313
5,26317
5,26322
5,26326
5,26340
5,26344
5,26347
5,26350
5,26357
5,26359
5,26365
5,26366
5,26375
5,26386
5,26391
5,26394
5,26399
5,26401
5,26409
5,26413
5,26422
5,26429
5,26444
5,26453
5,26464
5,26467
5,26471
5,26472
5,26492
5,26498
5,26504
5,26510
5,26523
5,26524
5,26527
5,26528
5,26539
5,26542
5,26547
5,26554
5,26555
5,26562
5,26564
5,26567
5,26578
5,26585
5,26587
5,26590
5,26593
5,26599
5,26603
5,26606
5,26612
5,26614
5,26622
5,26629
5,26630
5,26631
5,26645
5,26649
5,26662
5,26676
5,26680
5,26681
5,26686
5,26693
5,26694
5,26695
5,26696
5,26700
5,26701
5,26704
5,26712
5,26713
5,26717
5,26726
5,26729
5,26732
5,26736
5,26741
5,26743
5,26745
5,26750
5,26761
5,26764
5,26765
5,26776
5,26777
5,26778
5,26782
5,26791
5,26792
5,26796
5,26797
5,26810
5,26812
5,26819
5,26828
5,26838
5,26840
5,26849
5,26854
5,26861
5,26865
5,26870
5,26871
5,26875
5,26887
5,26900
5,26901
5,26903
5,26913
5,26928
5,26940
5,26947
5,26958
5,26965
5,26974
5,26985
5,26999
5,27002
5,27003
5,27006
5,27008
5,27020
5,27022
5,27032
5,27036
5,27074
5,27075
5,27105
5,27124
5,27134
5,27140
5,27155
5,27156
5,27176
5,27178
5,27186
5,27193
5,27246
5,27251
5,27255
5,27266
5,27306
5,27311
5,27317
5,27320
5,27328
5,27329
5,27368
5,27369
8,27370
8,27373
8,27397
8,27408
9,27416
10,27420
10,27426
10,27434
6,27441
6,27450
6,27473
4,27478
7,27480
7,27482
9,27491
8,27513
8,27523
9,27537
9,27539
5,27549
5,27555
5,27563
5,27584
5,27592
5,27595
5,27604
5,27611
5,27618
5,27619
5,27627
5,27644
5,27660
5,27664
5,27667
5,27674
5,27683
5,27685
5,27689
5,27692
5,27695
5,27704
5,27705
5,27706
5,27708
5,27716
5,27721
5,27722
5,27728
5,27731
5,27741
5,27744
5,27746
5,27751
5,27762
5,27768
5,27769
5,27772
5,27773
5,27776
5,27778
5,27784
5,27788
5,27790
5,27793
5,27801
5,27802
5,27803
5,27808
5,27815
5,27816
5,27820
5,27821
5,27822
5,27826
5,27829
5,27830
5,27831
5,27834
5,27837
5,27838
5,27839
5,27846
5,27850
5,27865
5,27866
5,27869
5,27873
5,27878
5,27879
5,27882
5,27899
5,27904
5,27905
5,27912
5,30707
5,30745
5,30749
5,30793
5,30803
5,30810
5,30812
5,30816
5,30818
5,30820
5,30822
5,30825
5,30846
5,30848
5,30850
5,30883
5,30890
5,30892
5,30894
5,30898
5,30994
5,31000
5,31030
5,31038
5,31049
5,31083
5,31086
5,31101
5,31114
5,31116
5,31123
5,31150
5,31162
5,31184
5,31193
5,31221
5,31223
5,31225
5,31260
5,31297
5,31309
5,31364
5,31367
5,31410
5,31420
5,31422
5,31424
5,31427
5,31431
5,31433
5,31435
5,31437
5,31445
5,31522
5,31545
5,31553
5,31590
5,31610
5,31617
5,31658
5,31660
5,31664
5,31685
5,31692
5,31694
5,31696
5,31698
5,31700
5,31702
5,31737
5,31804
5,31851
5,31867
5,31878
5,31903
5,31909
5,31921
5,31923
5,31925
5,31952
5,31973
5,32009
5,32011
5,32017
5,32019
5,32022
5,32029
5,32031
5,32058
5,32060
5,32116
5,32139
5,32160
5,32179
5,32213
5,32234
5,32243
5,32289
5,32291
5,32294
5,32296
5,32298
5,32300
5,32302
5,32314
5,32371
5,32387
5,32392
5,32440
5,32442
5,32456
5,32460
5,32469
5,32511
5,32515
5,32554
5,32582
5,32584
5,32587
5,32589
5,32596
5,32598
5,32600
5,32620
5,32632
5,32649
5,32657
5,32659
5,32666
5,32728
5,32743
5,32770
5,32799
5,32862
5,32875
5,32892
5,32898
5,32906
5,32914
5,32917
5,33004
5,33085
5,33090
5,33124
5,33126
5,33132
5,33138
5,33145
5,33148
5,33154
5,33158
5,33162
5,33164
5,33166
5,33171
5,33188
5,33201
5,33237
5,33294
5,33310
5,33312
5,33421
5,33435
5,33437
5,33493
5,33495
5,33499
5,33558
5,33564
5,33615
5,33629
5,33639
5,33644
5,33646
5,33649
5,33660
5,33669
5,33672
5,33677
5,33679
5,33681
5,33683
5,33725
5,33779
5,33781
5,33794
5,33801
5,33815
5,33826
5,33830
5,33834
5,33836
5,33838
5,33880
5,33893
5,33896
5,33903
5,33966
5,34018
5,34048
5,34072
5,34129
5,34143
5,34148
5,34150
5,34153
5,34162
5,34164
5,34271
5,34292
5,34312
5,34319
5,34321
5,34323
5,34326
5,34330
5,34332
5,34334
5,34336
5,34338
5,34359
5,34397
5,34405
5,34437
5,34450
5,34482
5,34520
5,34523
5,34528
5,34530
5,34532
5,34534
5,34536
5,34540
5,34542
5,34800
5,34811
5,35015
5,35347
5,35807
5,35836
5,35957
5,36276
5,36289
5,36363
5,36397
5,36401
5,36477
5,36509
5,36517
5,36519
5,36525
5,36527
5,36529
5,36533
5,36535
5,36537
5,36708
5,36850
5,36931
5,37211
5,37240
5,37380
5,37382
5,37384
5,37386
5,37444
5,37475
5,37477
5,37495
5,37545
5,37720
5,37727
5,37729
5,37731
5,37733
5,37736
5,37739
5,37741
5,37830
5,37844
5,37853
5,37857
5,38038
5,38061
5,38095
5,38159
5,38164
5,38198
5,38294
5,38304
5,38388
5,38583
5,38798
5,38886
5,38992
5,39183
5,39231
5,39234
5,39292
5,39307
5,39381
5,39400
5,39414
5,39427
5,39435
5,39444
5,39446
5,39449
5,39516
5,39715
5,39801
5,39869
5,40148
5,40278
5,40339
5,40412
5,40414
5,40478
5,40491
5,40578
5,40581
5,40583
5,40597
5,40614
5,40617
5,40629
5,40697
5,40723
5,40732
5,40815
5,40819
5,40826
5,40851
5,40870
5,40946
5,40955
5,40959
5,40962
5,40966
5,41014
5,41285
5,41527
5,41566
5,41569
5,41571
5,41573
5,41617
5,41627
5,41712
5,41716
5,41724
5,41769
5,41828
5,41863
5,41997
5,42002
5,42004
5,42007
5,42009
5,42011
5,42013
5,42015
5,42018
5,42176
5,42191
5,42285
5,42418
5,42422
5,42556
5,42559
5,42602
5,42632
5,42638
5,42718
5,42723
5,42725
5,42728
5,42730
5,42732
5,42734
5,42738
5,42740
5,42761
5,42943
5,42946
5,43289
5,43333
5,43376
5,43396
5,43419
5,43460
5,43549
5,43556
5,43558
5,43560
5,43677
5,43679
5,43684
5,43708
5,43744
5,43836
5,43869
5,43871
5,43904
5,43908
5,43912
5,43914
5,43917
5,43919
5,43921
5,43928
5,43930
5,43932
5,43936
5,44004
5,44020
5,44022
5,44189
5,44191
5,44193
5,44195
5,44197
5,44199
5,44204
5,44225
5,44238
5,44241
5,44243
5,44301
5,44397
5,44399
5,44511
5,44555
5,44597
5,44613
5,44633
5,44657
5,44665
5,44694
5,44709
5,44719
5,44731
5,44759
5,44761
5,44773
5,44777
5,44788
5,44828
5,44840
5,44849
5,44851
5,44864
5,44889
5,44929
5,44931
5,44937
5,44943
5,44972
5,44974
5,45028
5,45062
5,45074
5,45081
5,45106
5,45175
5,45183
5,45186
5,45208
5,45210
5,45221
5,45361
5,45382
5,45431
5,45440
5,45442
5,45447
5,45499
5,45501
5,45503
5,45517
5,45635
5,45648
5,45658
5,45662
5,45666
5,45668
5,45672
5,45720
5,45722
5,45726
5,45728
5,45730
5,45732
5,45880
5,45928
5,45950
5,45969
5,46062
5,46105
5,46231
5,46322
5,46335
5,46337
5,46347
5,46367
5,46530
5,46559
5,46572
5,46574
5,46578
5,46664
5,46723
5,46772
5,46850
5,46855
5,46862
5,46865
5,46948
5,46965
5,46967
5,46970
5,46972
5,46974
5,46976
5,47044
5,47099
5,47122
5,47124
5,47200
5,47202
5,47254
5,47261
5,47382
5,47384
5,47404
5,47423
5,47446
5,47465
5,47491
5,47516
5,47518
5,47538
5,47566
5,47610
5,47629
5,47640
5,47644
5,47646
5,47721
5,47725
5,47736
5,47774
5,47793
5,47810
5,47894
5,47937
5,47950
5,47952
5,47970
5,47978
5,47997
5,47999
5,48001
10,48032
10,48043
10,48045
10,48082
10,48142
1,48150
10,48161
10,48214
10,48262
10,48304
10,48319
10,48322
10,48326
10,48342
10,48385
5,48394
5,48412
5,48414
5,48416
5,48516
5,48518
5,48520
5,48560
5,48593
5,48596
5,48598
5,48638
5,48649
5,48678
5,48696
5,48698
5,48738
5,48741
5,48744
5,48774
5,48780
5,48783
5,48872
5,48877
5,48879
5,48883
5,48982
5,48997
5,49013
5,49110
5,49130
5,49132
5,49220
5,49263
5,49265
5,49272
5,49274
5,49276
5,49278
5,49280
5,49284
5,49286
5,49314
5,49347
5,49389
5,49396
5,49524
5,49530
5,49647
5,49649
5,49651
5,49666
5,49688
5,49735
5,49772
5,49793
5,49822
5,49824
5,49910
5,49917
5,49932
5,49957
5,49961
5,50003
5,50005
5,50064
5,50068
5,50147
5,50158
5,50160
5,50189
5,50274
5,50354
5,50356
5,50440
5,50442
5,50445
5,50514
5,50601
5,50610
5,50613
5,50658
5,50685
5,50740
5,50792
5,50794
5,50796
5,50798
5,50800
5,50802
5,50804
5,50806
5,50842
5,50851
5,50872
5,50912
5,50923
5,50942
5,50954
5,50999
5,51024
5,51037
5,51077
5,51080
5,51082
5,51084
5,51086
5,51088
5,51091
5,51167
5,51174
5,51255
5,51314
5,51357
5,51412
5,51471
5,51498
5,51540
5,51545
5,51562
5,51573
5,51575
5,51662
5,51666
5,51694
5,51698
5,51705
5,51709
5,51834
5,51884
5,51903
5,51925
5,51927
5,51931
5,51933
5,51935
5,51937
5,51939
5,52042
5,52241
5,52245
5,52279
5,52281
5,52283
5,52287
5,52299
5,52319
5,52328
5,52375
5,52435
5,52458
5,52462
5,52579
5,52604
5,52644
5,52668
5,52694
5,52712
5,52715
5,52722
5,52724
5,52730
5,52767
5,52784
5,52831
5,52867
5,52885
5,52950
5,52952
5,52967
5,52973
5,52975
5,53000
5,53022
5,53024
5,53121
5,53123
5,53125
5,53127
5,53129
5,53138
5,53140
5,53143
5,53161
5,53280
5,53318
5,53322
5,53326
5,53355
5,53435
5,53447
5,53450
5,53453
5,53460
5,53464
5,53466
5,53468
5,53519
5,53550
5,53574
5,53578
5,53808
5,53883
5,53894
5,53921
5,53953
5,53956
5,53972
5,53974
5,53993
5,53996
5,54001
5,54004
5,54116
5,54121
5,54185
5,54190
5,54256
5,54259
5,54272
5,54274
5,54276
5,54281
5,54286
5,54354
5,54372
5,54503
5,54617
5,54648
5,54686
5,54732
5,54734
5,54736
5,54745
5,54768
5,54771
5,54780
5,54785
5,54787
5,54796
5,54881
5,54908
5,54910
5,54934
5,54962
5,54995
5,54997
5,54999
5,55020
5,55036
5,55052
5,55061
5,55067
5,55069
5,55071
5,55080
4,55094
7,55110
7,55112
7,55116
8,55118
8,55156
8,55167
9,55190
9,55205
6,55207
6,55232
3,55241
3,55245
2,55247
5,55250
5,55253
5,55259
5,55261
5,55267
5,55269
5,55272
5,55274
5,55276
5,55278
5,55280
5,55282
5,55290
5,55292
5,55294
5,55363
5,55391
5,55442
5,55444
5,55451
5,55492
5,55553
5,55555
5,55577
5,55620
5,55687
5,55721
5,55729
5,55765
5,55768
5,55805
5,55814
5,55820
5,55830
5,55844
5,55854
5,55872
5,55908
5,55946
5,55995
5,56003
5,56012
5,56022
5,56060
5,56145
5,56152
5,56156
5,56169
5,56171
5,56174
5,56176
5,56251
5,56274
5,56286
5,56333
5,56336
5,56339
5,56367
5,56379
5,56389
5,56563
5,56587
5,56607
5,56620
5,56715
5,56757
5,56775
5,56782
5,56788
5,56801
5,56805
5,56837
5,56869
5,56908
5,56915
5,56921
5,56941
5,56949
5,57147
5,57183
5,57243
5,57274
5,57326
5,57368
5,57421
5,57499
5,57502
5,57504
5,57522
5,57526
5,57528
5,57532
5,57536
5,57637
5,57640
5,57669
5,57772
10,57843
10,57910
10,57951
10,58025
10,58047
10,58078
10,58103
10,58105
10,58107
10,58154
10,58156
10,58162
10,58191
5,58287
5,58291
5,58293
5,58295
5,58297
5,58299
5,58301
5,58303
5,58306
5,58309
5,58315
5,58332
5,58347
5,58351
5,58376
5,58404
5,58425
5,58492
5,58554
5,58559
5,58627
5,58655
5,58783
5,58803
5,58806
5,58826
5,58839
5,58842
5,58870
5,58876
5,58879
5,58964
5,58972
5,58975
5,58998
5,59014
5,59016
5,59018
5,59022
5,59026
5,59037
5,59103
5,59118
5,59126
5,59129
5,59131
5,59141
5,59143
5,59220
5,59258
5,59295
5,59306
5,59315
5,59333
5,59336
5,59369
5,59387
5,59421
5,59429
5,59440
5,59501
5,59549
5,59604
5,59615
5,59667
5,59725
5,59727
5,59731
5,59738
5,59784
5,59810
5,59814
5,59900
5,59915
5,59947
5,59985
5,59995
5,60030
5,60037
5,60040
5,60046
5,60069
5,60072
5,60074
5,60126
5,60128
5,60141
5,60161
5,60289
5,60291
5,60293
5,60303
5,60333
5,60363
5,60365
5,60389
5,60397
5,60408
5,60471
5,60487
5,60514
5,60516
5,60522
5,60538
5,60647
5,60674
5,60684
5,60735
5,60737
5,60753
5,60756
5,60760
5,60766
5,60803
5,60818
5,60832
5,60857
5,60885
5,60894
5,60904
5,60937
5,60941
5,60943
5,60950
5,60979
5,61011
5,61024
5,61026
5,61071
5,61073
5,61123
5,61132
5,61160
5,61167
5,61210
5,61236
5,61240
5,61246
5,61248
5,61250
5,61255
5,61257
5,61262
5,61289
5,61319
5,61323
5,61348
5,61350
5,61352
5,61394
5,61401
5,61406
5,61465
5,61628
5,61692
5,61697
5,61705
5,61729
5,61818
5,61986
5,62008
5,62081
5,62113
5,62155
5,62208
5,62250
5,62293
5,62299
5,62336
8,62344
7,62374
4,62376
1,62383
2,62394
3,62434
6,62437
5,62439
4,62511
7,62553
8,62586
9,62644
6,62662
3,62718
1,62792
1,62799
1,62834
5,62836
5,62849
5,62956
5,62970
5,62999
5,63033
5,63062
5,63072
5,63082
5,63113
5,63131
5,63179
5,63222
5,63239
5,63276
5,63312
5,63393
5,63433
5,63436
5,63479
5,63515
5,63540
5,63768
5,63808
5,63826
5,63853
5,63859
5,63876
5,63992
5,64010
5,64030
5,64032
5,64034
5,64114
5,64116
5,64167
5,64197
5,64231
5,64249
5,64278
5,64285
5,64497
5,64499
5,64501
5,64575
5,64614
5,64620
5,64622
5,64695
5,64716
5,64839
5,64957
5,64969
5,64983
5,64993
5,64997
5,65037
5,65088
5,65126
5,65130
5,65133
5,65135
5,65188
5,65193
5,65216
5,65225
5,65230
5,65261
5,65350
5,65359
5,65514
5,65577
5,65585
5,65588
5,65596
5,65601
5,65631
5,65642
5,65651
5,65682
5,65685
5,65738
5,65740
5,65802
5,65810
5,65882
5,65982
5,66090
5,66097
5,66171
5,66198
5,66203
5,66240
5,66297
5,66310
5,66320
5,66335
5,66371
5,66427
5,66509
5,66511
5,66544
5,66665
5,66744
5,66783
5,66785
5,66798
5,66915
5,66934
5,66943
5,67087
5,67168
5,67186
5,67193
5,67197
5,67255
5,67267
5,67295
5,67361
5,67408
5,67508
5,67534
5,67618
5,67665
5,67695
5,67734
5,67788
5,67799
5,67888
5,67923
5,67997
5,68073
5,68135
5,68157
5,68159
5,68194
5,68205
5,68237
5,68269
5,68319
5,68347
5,68358
5,68444
5,68480
5,68486
5,68522
5,68536
5,68552
5,68554
5,68597
5,68600
5,68650
5,68659
5,68791
5,68793
5,68835
5,68848
5,68872
5,68886
5,68932
5,68945
5,68952
5,68954
5,68959
5,69069
5,69118
5,69122
5,69131
5,69134
5,69140
5,69211
5,69224
5,69227
5,69251
5,69275
5,69278
5,69304
5,69306
5,69394
5,69406
5,69436
5,69453
5,69469
5,69481
5,69495
5,69516
5,69524
5,69526
5,69529
5,69604
5,69606
5,69640
5,69644
5,69654
5,69685
5,69712
5,69720
5,69746
5,69757
5,69784
5,69805
5,69844
5,69849
5,69860
5,69904
5,69951
5,69953
5,69988
5,70015
5,70159
5,70183
5,70206
5,70208
5,70286
5,70293
5,70301
5,70305
5,70334
5,70336
5,70361
5,70451
5,70492
5,70521
5,70533
5,70545
5,70565
5,70599
5,70637
5,70641
5,70663
5,70687
5,70697
5,70703
5,70708
5,70728
5,70862
5,70932
5,70946
5,70984
5,70990
5,70994
5,71033
5,71057
5,71106
5,71108
5,71129
5,71131
5,71135
5,71147
5,71156
5,71160
5,71205
5,71211
5,71248
5,71252
5,71254
5,71264
5,71268
5,71282
5,71302
5,71304
5,71327
5,71341
5,71379
5,71429
5,71438
5,71453
5,71462
5,71464
5,71466
5,71468
5,71484
1,71494
5,71500
6,71518
9,71520
6,71530
6,71535
6,71550
5,71579
32,71619
4,71640
8,71668
9,71732
5,71745
6,71810
7,71823
7,71838
7,71867
10,71899
5,71902
10,71910
5,71970
10,71999
3,72011
3,72104
6,72129
9,72142
9,72165
8,72167
7,72171
4,72178
1,72224
5,72226
5,72294
5,72308
5,72330
5,72356
5,72378
5,72395
5,72405
5,72407
5,72424
5,72479
5,72489
5,72554
5,72591
5,72601
5,72603
5,72605
5,72624
5,72641
5,72692
5,72694
5,72696
5,72701
5,72714
5,72720
5,72731
5,72733
5,72737
5,72874
5,72919
5,72921
5,72982
5,72998
5,73015
5,73017
5,73023
5,73042
5,73106
5,73160
5,73211
5,73266
5,73268
5,73290
5,73319
5,73321
5,73323
5,73344
5,73386
5,73431
5,73488
5,73499
5,73501
5,73515
5,73569
5,73676
5,73681
5,73741
5,73804
5,73808
10,73822
10,73854
10,73858
10,73876
10,73881
10,73929
10,74075
10,74089
10,74095
10,74154
10,74226
10,74228
10,74275
10,74282
10,74324
10,74342
10,74370
10,74450
10,74452
5,74458
5,74508
5,74510
5,74530
5,74532
5,74545
5,74553
5,74580
5,74624
5,74647
5,74668
5,74677
5,74683
5,74685
5,74688
5,74696
5,74698
5,74727
5,74750
5,74754
5,74789
5,74791
5,74795
5,74851
5,74868
5,74916
5,74946
5,74948
5,75341
5,75389
5,75395
5,75416
5,75446
5,75803
5,75805
5,75813
5,75816
5,75947
5,75985
5,76030
5,76054
5,76060
5,76077
5,76091
5,76093
5,76143
5,76173
5,76175
5,76251
5,76293
5,76301
5,76738
5,76743
5,76751
5,76763
5,77177
2,77191
3,77201
4,77206
6,77233
9,77266
8,77364
7,77414
4,77421
4,77427
4,77455
1,77561
5,77667
5,77688
5,77709
5,77795
5,77798
5,77800
5,77841
5,77846
5,77866
5,77881
5,77893
5,77931
5,78034
5,78039
5,78041
5,78088
5,78103
5,78105
5,78116
5,78142
5,78160
5,78174
5,78209
5,78218
5,78264
5,78266
5,78316
5,78349
5,78467
5,78469
5,78499
5,78544
5,78574
5,78620
5,78626
5,78637
5,78703
5,78746
5,78772
5,78836
5,78893
5,78959
5,79006
5,79008
5,79057
5,79073
5,79091
5,79132
5,79134
5,79139
5,79185
5,79224
5,79242
5,79251
5,79259
5,79274
5,79293
5,79299
5,79333
5,79357
5,79428
5,79501
5,79536
5,79553
5,79572
5,79590
5,79592
5,79677
5,79684
5,79695
5,79702
5,79798
5,79868
5,79879
5,79895
5,79897
5,79946
5,80083
5,80094
5,80124
5,80126
5,80139
5,80162
5,80166
5,80219
5,80241
5,80363
5,80454
5,80463
5,80478
5,80489
5,80549
5,80551
5,80553
5,80572
5,80584
5,80586
5,80590
5,80615
5,80693
5,80727
5,80748
5,80831
5,80834
5,80839
5,80846
5,80858
5,80860
5,80862
5,80864
5,80880
5,80906
5,80917
5,80969
5,81018
5,81087
5,81132
5,81156
5,81158
5,81191
5,81229
5,81257
5,81383
5,81417
5,81456
5,81512
5,81520
5,81535
5,81537
5,81562
5,81564
5,81591
5,81681
5,81782
5,81784
5,81786
5,81788
5,81791
5,81819
5,81831
5,81834
5,81845
5,81847
5,81910
5,81932
5,81949
5,82041
5,82053
5,82088
5,82093
5,82095
5,82152
5,82167
5,82169
5,82202
5,82242
5,82366
5,82378
5,82459
5,82461
5,82499
5,82527
5,82534
5,82641
5,82667
5,82684
5,82744
5,82765
5,82767
5,82848
5,82852
5,82854
5,82857
5,83086
5,83132
5,83134
5,83177
5,83270
5,83349
5,83369
5,83374
5,83480
5,83601
5,83613
5,83796
5,83803
5,83827
5,83910
5,83969
5,83976
5,84152
5,84156
5,84187
5,84189
5,84240
5,84246
5,84273
5,84374
5,84392
5,84414
5,84512
5,84523
5,84553
5,84601
5,84615
5,84637
5,84696
5,84716
5,84772
5,84799
5,84844
5,84847
5,84942
5,84944
5,84950
5,84952
5,84954
5,85020
5,85022
5,85025
5,85056
5,85131
5,85179
5,85213
5,85259
5,85261
5,85295
5,85316
5,85334
5,85342
5,85354
5,85367
5,85394
5,85397
5,85399
5,85401
5,85412
5,85414
5,85438
5,85510
5,85565
5,85736
5,85774
5,85780
5,85788
5,85796
5,85881
5,85885
5,86000
5,86014
5,86028
5,86059
5,86066
5,86068
5,86142
5,86190
5,86237
5,86279
5,86286
5,86290
5,86293
5,86295
5,86298
5,86320
5,86332
5,86345
5,86347
5,86355
5,86377
5,86487
5,86504
5,86548
5,86593
5,86628
5,86644
5,86668
5,86721
5,86781
5,86815
5,86817
5,86833
5,86835
5,86864
5,86880
5,86882
5,86892
5,86898
5,86911
5,86922
5,86960
5,87028
5,87192
5,87194
5,87197
5,87222
5,87232
5,87234
5,87287
5,87298
5,87304
5,87306
5,87413
5,87430
5,87444
5,87483
5,87485
5,87520
5,87522
5,87529
5,87660
5,87785
5,87834
5,87867
5,87869
5,87876
5,87960
5,88069
5,88094
5,88108
5,88125
5,88129
5,88140
5,88163
5,88179
5,88235
5,88267
5,88272
5,88327
5,88345
5,88356
5,88405
5,88448
5,88515
5,88593
5,88672
5,88697
5,88699
5,88744
5,88746
5,88785
5,88810
5,88812
5,88911
5,88932
5,88954
5,89028
5,89030
5,89039
5,89047
5,89072
5,89085
5,89087
5,89090
5,89118
5,89190
5,89208
5,89281
5,89305
5,89343
5,89386
5,89388
5,89427
6,89470
6,89492
6,89580
6,89582
6,89586
6,89678
6,89745
6,89753
6,89759
6,89761
6,89774
6,89804
6,89837
6,89840
6,89862
6,89864
6,89898
6,89904
6,89939
6,89945
6,90057
6,90243
6,90245
6,90249
6,90343
6,90345
6,90353
6,90357
6,90374
6,90376
6,90384
6,90403
6,90405
6,90428
6,90430
6,90439
6,90469
6,90471
6,90522
6,90524
6,90528
6,90531
6,90576
6,90600
6,90603
6,90630
6,90647
6,90717
6,90719
6,90738
6,90746
6,90769
6,90809
6,90863
6,90866
6,90888
6,90890
6,90943
6,90945
6,91077
6,91079
6,91094
6,91104
6,91126
6,91128
6,91233
6,91261
6,91266
6,91273
6,91323
6,91325
6,91337
6,91353
6,91355
6,91386
6,91414
6,91470
6,91483
6,91485
6,91488
6,91500
6,91529
6,91535
6,91542
6,91571
6,91622
6,91628
6,91630
6,91653
6,91658
6,91660
6,91666
6,91671
6,91688
6,91690
6,91784
6,91842
6,91860
6,91869
6,91873
6,91890
6,91935
6,91947
6,91974
6,91976
6,91978
6,91981
6,92008
6,92046
6,92048
6,92094
6,92192
6,92198
6,92234
6,92243
6,92259
6,92264
6,92309
6,92348
6,92391
6,92420
6,92422
6,92427
6,92439
6,92475
6,92494
6,92507
6,92509
6,92535
6,92637
6,92643
6,92665
6,92674
6,92681
6,92694
6,92730
6,92760
6,92938
6,92954
6,93006
6,93008
6,93022
6,93040
6,93114
6,93134
6,93139
7,93193
8,93208
9,93242
9,93270
6,93272
10,93287
3,93297
3,93320
10,93326
10,93363
10,93443
10,93502
10,93510
10,93512
6,93563
6,93598
6,93610
6,93721
6,93723
6,93740
6,93766
6,93790
6,93805
6,93819
6,93831
6,93838
6,93840
6,93855
6,93980
6,93982
6,93988
6,94011
6,94015
6,94018
6,94070
6,94122
6,94130
6,94150
6,94160
6,94262
6,94266
6,94323
6,94325
6,94405
6,94478
6,94494
6,94503
6,94661
6,94677
6,94735
6,94777
6,94780
6,94799
6,94810
6,94833
6,94864
6,94867
6,94896
6,94919
6,94931
6,94953
6,94959
6,94985
6,95004
6,95067
6,95088
6,95105
6,95135
6,95145
6,95147
6,95149
6,95163
6,95165
6,95167
6,95170
6,95175
6,95182
6,95193
6,95199
6,95201
6,95207
6,95218
6,95307
6,95309
6,95311
6,95313
6,95377
6,95441
6,95449
6,95473
6,95475
6,95497
6,95499
6,95508
6,95510
6,95519
6,95543
6,95558
6,95583
6,95624
6,95633
6,95654
6,95690
6,95717
6,95720
6,95738
6,95744
6,95761
6,95771
6,95780
6,95796
6,95839
6,95843
6,95858
6,95873
6,95875
6,95939
6,95949
6,95965
6,96004
6,96007
6,96020
6,96079
6,96084
6,96110
6,96114
6,96121
6,96150
6,96281
6,96283
6,96373
6,96411
6,96417
6,96430
6,96432
6,96448
6,96471
6,96488
6,96518
6,96520
6,96530
6,96563
6,96567
6,96588
6,96606
6,96608
6,96610
6,96616
6,96655
6,96691
6,96726
6,96728
6,96737
6,96811
6,96815
6,96821
6,96829
6,96832
6,96861
6,96917
6,96935
6,96945
6,96964
6,96975
6,97024
6,97168
6,97172
6,97188
6,97194
6,97225
6,97230
6,97285
6,97304
6,97306
6,97328
6,97470
6,97643
6,97665
5,97701
7,97742
8,97752
6,97757
2,97785
3,97836
1,97858
4,97860
5,97866
8,97870
7,97904
6,97913
6,97921
6,97923
6,97936
6,97938
6,97950
6,97988
6,98061
6,98083
6,98122
6,98124
6,98154
6,98160
6,98175
6,98203
6,98230
6,98239
6,98243
6,98279
6,98296
6,98361
6,98491
6,98499
6,98503
6,98585
6,98604
6,98607
6,98623
6,98633
6,98697
6,98799
6,98809
6,98836
6,98908
6,98961
6,99005
6,99007
6,99030
6,99087
6,99106
6,99112
6,99114
6,99117
6,99122
6,99130
6,99145
6,99149
6,99191
6,99415
6,99437
6,99532
6,99574
6,99636
6,99638
6,99721
6,99728
6,99750
6,99764
6,99813
6,99846
6,99853
6,99910
6,99917
6,99992
6,100044
6,100068
6,100083
6,100106
6,100159
6,100163
6,100194
6,100226
6,100277
6,100302
6,100304
6,100306
6,100326
6,100383
6,100390
6,100397
6,100487
6,100498
6,100507
6,100527
6,100553
6,100556
6,100579
6,100611
6,100714
6,100737
6,100810
6,100843
6,100882
6,100906
6,101025
6,101070
6,101072
6,101074
6,101076
6,101088
6,101112
6,101142
6,101283
6,101360
6,101362
6,101415
6,101423
6,101525
6,101529
6,101531
6,101577
6,101612
6,101739
6,101741
6,101765
6,101864
6,101884
6,101895
6,101962
6,101973
6,102007
6,102025
6,102033
6,102058
6,102066
6,102070
6,102084
6,102088
6,102123
6,102125
6,102165
6,102194
6,102217
6,102278
6,102338
6,102378
6,102407
6,102445
6,102481
6,102590
6,102602
6,102666
6,102684
1,102686
1,102716
1,102720
1,102735
1,102742
1,102747
1,102749
1,102760
1,102800
1,102802
1,102819
1,102823
1,102852
1,102880
1,102903
1,102984
1,102993
1,103027
1,103042
1,103048
1,103075
1,103085
1,103107
1,103137
1,103141
1,103171
1,103210
1,103219
1,103221
1,103228
1,103233
1,103235
1,103245
1,103249
1,103253
1,103335
1,103339
1,103341
1,103366
1,103372
1,103384
1,103449
1,103483
1,103502
1,103539
1,103543
1,103596
1,103602
1,103606
1,103609
1,103624
1,103655
1,103685
1,103688
1,103755
1,103772
1,103801
1,103810
1,103819
2,103865
2,103883
2,103980
2,103984
2,104017
2,104069
2,104074
2,104076
2,104078
2,104129
2,104141
2,104211
2,104218
2,104241
2,104243
2,104245
2,104272
2,104283
2,104303
2,104337
2,104339
2,104374
2,104419
2,104457
2,104644
2,104760
2,104780
2,104837
2,104841
2,104863
2,104875
2,104879
10,104906
10,104908
10,104913
10,104925
10,104944
10,105020
10,105037
10,105121
10,105197
10,105211
10,105213
10,105246
10,105250
10,105254
10,105325
10,105351
3,105355
3,105468
3,105504
3,105540
3,105585
3,105593
3,105653
3,105720
3,105731
3,105746
3,105755
3,105801
3,105835
3,105844
3,105954
3,106002
3,106062
3,106072
3,106100
3,106144
3,106330
3,106438
3,106441
3,106487
3,106489
3,106491
3,106540
3,106542
3,106594
3,106642
3,106648
3,106696
3,106766
3,106782
3,106785
3,106839
3,106873
3,106883
3,106889
3,106916
3,106918
3,106920
3,106927
3,107013
3,107069
3,107141
3,107159
3,107314
3,107338
3,107348
3,107406
3,107408
3,107410
3,107412
3,107436
3,107447
3,107449
3,107462
3,107565
3,107630
3,107702
3,107723
3,107771
3,107780
3,107846
4,107945
4,107951
4,107953
4,107962
4,107997
4,107999
4,108078
4,108090
4,108156
4,108188
4,108190
4,108192
4,108540
4,108601
4,108689
4,108715
4,108727
4,108729
4,108795
4,108928
4,108932
4,108945
4,108949
4,108981
4,109042
4,109161
4,109183
4,109187
4,109191
4,109241
4,109282
4,109295
4,109313
4,109317
4,109372
4,109374
4,109383
4,109416
4,109483
4,109487
4,109569
4,109576
4,109578
4,109596
4,109633
4,109673
4,109687
4,109723
4,109846
4,109848
4,109850
4,109853
4,109864
4,109895
4,109897
4,109941
4,109968
4,109971
4,110102
4,110127
4,110130
4,110281
4,110286
4,110297
4,110330
4,110350
4,110387
4,110501
4,110541
4,110553
4,110586
4,110591
4,110603
4,110611
4,110655
4,110669
4,110718
4,110730
4,110746
4,110771
4,110773
4,110781
4,110826
4,110882
4,111113
4,111146
4,111320
4,111360
4,111362
4,111364
4,111375
4,111384
4,111443
4,111551
4,111617
4,111622
4,111659
4,111663
4,111680
4,111732
4,111743
4,111759
4,111781
4,111785
4,111795
4,111800
4,111817
4,111844
4,111913
4,111921
4,112006
4,112070
4,112138
4,112171
4,112175
4,112183
4,112290
4,112303
4,112316
4,112326
4,112334
4,112370
4,112421
4,112450
4,112454
4,112460
4,112497
4,112512
4,112515
4,112552
4,112556
4,112580
4,112623
4,112727
4,112749
4,112788
4,112804
4,112818
4,112852
4,112868
4,112897
4,112911
4,112940
4,113159
4,113186
4,113207
4,113225
4,113252
4,113275
4,113278
4,113280
4,113313
4,113345
4,113348
4,113350
4,113374
4,113378
4,113394
4,113416
4,113453
4,113532
4,113565
4,113573
4,113604
4,113705
4,113741
4,113780
4,113829
4,113849
4,113862
4,114028
4,114044
4,114060
4,114066
4,114074
4,114126
4,114180
4,114184
4,114246
4,114265
4,114335
4,114396
4,114494
4,114554
4,114601
4,114627
4,114662
4,114670
4,114678
4,114707
4,114713
4,114762
4,114795
4,114818
4,114847
4,114925
4,114935
4,115065
4,115111
4,115122
4,115149
4,115151
4,115170
4,115203
4,115210
4,115216
4,115231
4,115502
4,115569
4,115617
4,115664
4,115667
4,115680
4,115713
4,115727
4,115819
4,115828
4,115877
4,115969
4,116044
4,116138
4,116169
4,116207
4,116411
4,116413
4,116419
4,116505
4,116529
4,116668
4,116718
4,116724
4,116738
4,116797
4,116799
4,116817
4,116823
4,116849
4,116887
4,116897
4,116941
4,116963
4,116977
4,116985
4,117107
4,117109
4,117133
4,117176
4,117192
4,117364
4,117368
4,117444
4,117466
4,117511
4,117529
5,117531
5,117533
5,117545
5,117572
5,117590
5,117630
5,117646
5,117849
5,117851
5,117867
5,117877
5,117881
5,117887
5,117895
5,117922
5,118082
5,118166
5,118198
5,118248
5,118270
5,118290
5,118326
5,118354
5,118512
5,118530
5,118572
5,118696
5,118700
5,118702
5,118706
5,118784
5,118814
5,118834
5,118862
5,118880
5,118888
5,118894
5,118896
5,118900
5,118924
5,118930
5,118985
5,118997
5,119068
5,119141
5,119145
5,119153
5,119155
5,119167
5,119218
5,119655
5,119714
5,119828
5,119964
5,120130
5,120138
5,120466
5,120478
5,120625
5,120635
5,120637
5,120761
5,120783
5,120799
5,120807
5,120813
5,120827
5,120919
5,121007
5,121035
5,121097
5,121099
5,121129
5,121169
5,121171
5,121231
5,121253
5,121338
5,121342
5,121372
5,121374
5,121469
5,121715
5,121781
5,122092
5,122246
5,122260
5,122433
5,122490
5,122627
5,122882
5,122884
5,122886
5,122888
5,122890
5,122892
5,122896
5,122898
5,122900
5,122902
5,122904
5,122906
5,122912
5,122916
5,122918
5,122920
5,122922
5,122924
5,122926
5,122932
5,123200
5,123310
5,123545
5,123553
5,123947
5,124273
5,124404
5,124484
5,124851
5,124853
5,124859
5,125221
5,125914
5,125916
5,125970
5,125974
5,126088
5,126090
5,126142
5,126420
5,126426
5,126430
5,126482
5,126548
5,126577
5,126921
5,127052
5,127096
5,127098
5,127108
5,127114
5,127116
5,127130
5,127132
5,127134
5,127136
5,127146
5,127152
5,127164
5,127172
5,127180
5,127184
5,127194
5,127198
5,127202
5,127204
5,127212
5,127298
5,127319
5,127323
5,127390
5,128087
5,128089
5,128097
5,128099
5,128197
5,128360
5,128366
5,128488
5,128512
5,128520
5,128542
5,128592
5,128594
5,128620
5,128695
5,128736
5,128832
5,128838
5,128842
5,128852
5,128900
5,128902
5,128908
5,128914
5,128944
5,128968
5,128975
5,128991
5,129011
5,129229
5,129250
5,129313
5,129333
5,129354
5,129397
5,129428
5,129514
5,129657
5,129659
5,129737
5,129779
5,129937
5,130050
5,130052
5,130073
5,130083
5,130087
5,130444
5,130450
5,130452
5,130482
5,130490
5,130498
5,130518
5,130520
5,130576
5,130578
5,130634
5,130686
5,130840
5,130842
5,130970
5,130976
5,130978
5,131013
5,131023
5,131098
5,131104
5,131130
5,131237
5,131439
5,131480
5,131578
5,131610
5,131656
5,131714
5,131724
5,131739
5,131749
5,131796
5,131826
5,131920
5,131934
5,132046
5,132084
5,132153
5,132157
5,132333
5,132335
5,132362
5,132422
5,132424
5,132454
5,132462
5,132488
5,132496
5,132584
5,132618
5,132660
5,132796
5,132800
5,132888
5,133115
5,133195
5,133217
5,133281
5,133365
5,133377
5,133419
5,133545
5,133645
5,133712
5,133716
5,133771
5,133780
5,133782
5,133798
5,133802
5,133832
5,133867
5,133879
5,134004
5,134019
5,134021
5,134041
5,134095
5,134109
5,134130
5,134158
5,134170
5,134184
5,134214
5,134246
5,134248
5,134252
5,134326
5,134334
5,134368
5,134393
5,134515
5,134524
5,134528
5,134775
5,134783
5,134796
5,134808
5,134847
5,134849
5,134853
5,134859
5,134861
5,134881
5,135133
5,135137
5,135143
5,135198
5,135216
5,135288
5,135436
5,135456
5,135518
5,135532
5,135534
5,135536
5,135567
5,135569
5,135777
5,135787
5,135803
5,135815
5,135861
5,135885
5,135887
5,135937
5,136012
5,136016
5,136018
5,136020
5,136024
5,136297
6,136305
6,136341
6,136353
6,136355
6,136359
6,136443
6,136445
6,136447
6,136449
6,136469
6,136471
6,136503
6,136511
6,136540
6,136556
6,136562
6,136564
6,136598
6,136602
6,136654
6,136664
6,136666
6,136778
6,136786
6,136800
6,136816
6,136834
6,136838
6,136840
6,136850
6,136859
6,136864
6,136912
6,136958
6,137218
6,137337
6,137345
6,137517
6,137595
6,137857
6,137859
6,137863
6,138036
6,138186
6,138204
6,138208
6,138210
6,138396
6,138546
6,138610
6,138632
6,138702
6,138798
6,138835
6,138966
6,139052
6,139130
6,139157
6,139385
6,139415
6,139511
6,139640
6,139642
6,139644
6,139655
6,139717
6,139747
6,139855
6,139857
6,139859
6,139915
6,139994
6,140016
6,140038
6,140110
6,140133
6,140162
6,140174
6,140237
6,140247
6,140265
6,140267
6,140289
6,140301
6,140359
6,140481
6,140523
6,140525
6,140541
6,140561
6,140627
6,140711
6,140715
6,140725
6,140737
6,140816
6,140850
6,140852
6,140928
6,140956
6,141004
6,141131
6,141400
6,141408
6,141422
6,141513
6,141544
6,141646
6,141668
6,141688
6,141718
6,141749
6,141799
6,141810
6,141816
6,141818
6,141820
6,141830
6,141836
6,141844
6,141846
6,141866
6,141890
6,141928
6,141994
6,142020
6,142056
6,142074
6,142115
6,142196
6,142222
6,142366
6,142372
6,142420
6,142422
6,142424
6,142444
6,142448
6,142456
6,142488
6,142507
6,142509
6,142536
6,142550
6,142558
6,142598
6,142602
6,142831
6,142961
6,142997
6,143001
6,143031
6,143245
6,143255
6,143257
6,143355
6,143365
6,143367
6,143385
6,143410
6,143458
6,143472
6,143511
6,143525
6,143559
6,143859
6,143896
6,143969
6,144210
6,144222
6,144262
6,144352
6,144478
6,144522
6,144606
6,144620
6,144714
6,144716
6,144734
6,144976
6,145080
6,145150
6,145283
6,145418
6,145491
6,145724
6,145745
6,145839
6,145935
6,145951
6,145994
6,146024
6,146028
6,146210
6,146244
6,146309
6,146656
6,146662
6,146682
6,146684
6,146688
6,146730
6,146986
6,147002
6,147142
6,147196
6,147250
6,147282
6,147286
6,147300
6,147326
6,147328
6,147330
6,147372
6,147374
6,147376
6,147378
6,147380
6,147382
6,147384
6,147410
6,147657
6,147662
6,147936
6,148166
6,148172
6,148238
6,148424
6,148482
6,148592
6,148626
6,148632
6,148652
6,148667
6,148671
6,148675
6,148709
6,148775
1,148881
1,148888
1,148956
1,148978
1,148982
1,149011
1,149144
1,149146
1,149330
1,149334
1,149350
1,149352
1,149354
1,149380
1,149406
1,149508
1,149566
1,149590
1,149612
1,149830
1,149902
1,150254
1,150401
1,150548
1,150554
1,150596
1,150604
1,150696
1,150993
1,151311
1,151315
1,151317
1,151455
1,151479
1,151501
1,151557
1,151559
1,151653
1,151687
1,151695
1,151739
1,151745
1,151759
1,151763
1,151769
2,151777
2,151781
2,152037
2,152063
2,152065
2,152071
2,152077
2,152079
2,152081
2,152083
2,152085
2,152091
2,152105
2,152173
2,152270
10,152284
10,152372
10,152591
10,152658
10,152711
10,152970
10,153070
10,153236
10,153386
2,153408
2,154065
2,154358
2,154975
2,155064
2,155168
2,155288
2,155358
2,155509
2,155589
2,155659
2,155743
2,155774
2,155812
2,155820
2,155892
2,156025
2,156371
2,156387
2,156553
2,156605
2,156607
2,156609
2,156675
2,156706
2,156726
2,156781
2,156783
2,157108
2,157110
2,157122
2,157130
2,157172
2,157200
2,157270
2,157296
2,157312
2,157340
2,157369
2,157407
2,157432
2,157699
2,157775
2,157865
2,158022
2,158027
2,158035
2,158238
2,158254
2,158388
2,158398
2,158402
2,158528
2,158721
2,158783
2,158813
2,158830
2,158842
2,158872
2,158874
2,158882
2,158956
2,158966
2,158972
2,159061
2,159069
2,159077
2,159093
2,159161
2,159193
2,159403
2,159415
2,159441
2,159510
2,159690
2,159717
2,159755
2,159779
2,159811
2,159817
2,159849
2,159858
2,159976
2,160080
2,160271
2,160289
2,160341
2,160400
2,160422
2,160438
2,160440
2,160527
2,160563
2,160565
2,160567
2,160569
2,160571
2,160573
2,160644
3,160646
3,160684
3,160718
3,160730
8,160836
8,160848
8,160872
8,160954
8,160978
7,160980
6,161008
5,161024
8,161032
7,161044
9,161127
10,161131
8,161290
9,161354
10,161580
3,161582
3,161594
3,161634
3,161830
3,161918
3,161922
3,161966
3,162082
3,162344
3,162350
3,162414
3,162478
3,162578
3,162590
3,162598
3,162600
3,162602
3,162606
3,162828
3,162968
3,162982
3,163056
3,163072
3,163112
8,163134
9,163386
10,163527
8,163639
9,163645
10,163653
8,163809
9,163925
10,163937
7,163981
7,163985
7,164179
7,164200
8,164226
3,164280
3,164367
3,164375
3,164540
3,164647
3,164655
3,164707
3,164753
3,164881
3,164909
3,164917
3,165075
3,165101
3,165103
3,165139
3,165343
3,165347
3,165483
3,165489
3,165529
3,165549
3,165551
3,165635
3,165639
3,165645
3,165671
3,165843
3,165947
3,165959
3,165969
3,166015
3,166024
3,166183
3,166203
3,166291
3,166461
3,166492
3,166526
3,166528
3,166534
3,166558
3,166568
3,166635
3,166643
3,166705
3,166946
3,167018
3,167036
3,167064
3,167296
3,167370
3,167380
3,167538
3,167570
3,167634
3,167706
3,167732
3,167746
3,167772
3,167790
3,167854
3,168026
3,168090
3,168144
3,168174
3,168218
4,168248
4,168250
4,168252
4,168254
4,168266
4,168326
4,168350
4,168358
4,168366
4,168418
4,168456
4,168492
4,168608
4,168612
4,168632
4,168712
4,168846
4,169034
4,169180
4,169670
4,169904
4,169912
4,169958
4,169982
4,169984
4,169992
4,170289
4,170297
4,170355
4,170357
4,170399
4,170401
4,170411
4,170551
4,170597
4,170697
4,170705
4,170777
4,170813
4,170817
4,170827
4,170837
4,170875
4,170897
4,170907
4,170937
4,170939
4,170945
4,170957
4,170993
4,171011
4,171023
4,171251
4,171495
4,171631
4,171695
4,171701
4,171749
4,171751
4,171759
4,171763
4,171765
4,171811
4,171867
4,171891
4,171917
4,172013
4,172215
4,172229
4,172233
4,172253
4,172321
4,172461
4,172497
4,172547
4,172577
4,172583
4,172585
4,172587
4,172589
7,172591
7,172637
7,172705
7,172793
8,172825
8,172875
8,172881
9,172887
9,172909
9,173145
10,173197
10,173205
8,173209
7,173235
9,173253
7,173255
8,173291
4,173307
4,173317
4,173351
4,173355
4,173535
4,173619
4,173751
4,173873
1,173925
1,173941
1,173963
1,174045
5,174053
5,174055
4,174141
2,174403
3,174479
6,174551
9,174681
8,174727
7,174737
10,174815
10,174909
10,175197
10,175199
10,175293
10,175303
5,175387
6,175397
6,175401
6,175431
9,175435
8,175475
7,175485
8,175569
4,175577
4,175585
4,175661
4,175693
4,175705
4,175707
4,175743
4,175781
4,176051
4,176101
4,176329
4,176371
4,176389
4,176413
4,176415
4,176419
4,176423
4,176579
4,176601
4,176621
4,176751
4,176805
4,176935
4,177185
4,177285
4,177593
4,177615
4,177763
4,177765
4,177939
4,178061
4,178111
4,178129
4,178323
4,178613
4,178615
4,178827
4,179053
4,179073
4,179119
4,179133
4,179135
4,179211
4,179401
4,179427
4,179491
4,179511
4,179709
4,179749
4,179813
4,179815
4,179817
4,179819
4,179953
4,180031
4,180045
4,180095
4,180231
4,180263
4,180265
4,180297
4,180497
4,180777
4,180985
4,180987
4,181065
4,181139
4,181315
4,181413
4,181659
4,181719
4,182293
4,182297
4,182299
4,182639
4,182715
4,182727
4,182731
4,182749
4,182793
4,182823
4,183011
4,183197
4,183199
4,183227
4,183295
4,183301
4,183317
4,183611
4,183635
4,183897
4,183911
4,183959
4,184015
4,184053
4,184245
4,184253
4,184257
4,184349
4,184471
4,184641
4,184721
4,184791
4,184931
4,184987
4,184997
4,185029
4,185031
4,185033
4,185135
4,185435
4,185473
4,185585
4,186587
4,187031
4,187541
4,187593
4,187595
4,187717
4,188189
4,188301
4,188675
4,188751
4,188797
4,188833
4,189043
4,189111
4,189333
4,189381
4,189547
5,189713
5,190183
5,190207
5,190209
5,190213
5,190215
5,190219
6,190221
6,191005
6,193565
6,193567
6,193571
7,193573
8,193579
6,193581
9,193583
6,193585
6,193587
6,193609
